year,start,end,duration,band,day,stage
2014,00:00:00,01:00:00,01:00:00,1349,Sunday,The Temple
2011,19:00:00,19:50:00,00:50:00,1349,Saturday,Rock Hard tent
2007,20:15:00,20:45:00,00:30:00,1349,Sunday,Discover stage
2012,10:30:00,11:00:00,00:30:00,???,Friday,The Valley
2012,11:40:00,12:10:00,00:30:00,???,Saturday,The Valley
2012,12:50:00,13:30:00,00:40:00,???,Saturday,The Altar
2010,15:15:00,16:00:00,00:45:00,???,Sunday,Rock Hard tent
2009,16:40:00,17:20:00,00:40:00,???,Friday,Mainstage 02
2007,01:00:00,???,check,???,Friday,Mainstage
2010,12:10:00,12:40:00,00:30:00,16ÿ,Sunday,Terrorizer tent
2013,15:15:00,16:05:00,00:50:00,3 Doors Down,Saturday,Mainstage 01
2006,16:40:00,17:20:00,00:40:00,36 Crazyfists,Sunday,Mainstage
2010,17:20:00,18:00:00,00:40:00,36 Crazyfists,Saturday,Terrorizer tent
2010,11:05:00,11:35:00,00:30:00,69 Chambers,Friday,Mainstage 01
2013,10:30:00,11:00:00,00:30:00,7 Weeks,Friday,The Valley
2007,13:30:00,14:00:00,00:30:00,7th Nemesis,Friday,Discover stage
2015,16:45:00,17:35:00,00:50:00,A Day to Remember,Sunday,Mainstage 01
2013,18:00:00,18:50:00,00:50:00,A Day to Remember,Saturday,Mainstage 02
2016,00:50:00,01:50:00,01:00:00,Abbath,Friday,The Temple
2007,16:40:00,17:10:00,00:30:00,Aborted,Sunday,Gibson stage
2012,19:45:00,20:45:00,01:00:00,Aborted,Saturday,The Altar
2013,17:40:00,18:30:00,00:50:00,Absu,Friday,The Temple
2012,10:30:00,11:00:00,00:30:00,Abysse,Sunday,The Valley
2013,18:55:00,19:55:00,01:00:00,Accept,Saturday,Mainstage 01
2015,15:05:00,15:55:00,00:50:00,Ace Frehley,Saturday,Mainstage 01
2012,15:55:00,16:40:00,00:45:00,Acid King,Sunday,The Valley
2014,17:50:00,18:40:00,00:50:00,Acid King,Saturday,The Valley
2009,11:35:00,12:05:00,00:30:00,Adagio,Sunday,Mainstage 01
2014,22:55:00,00:55:00,02:00:00,Aerosmith,Saturday,Mainstage 01
2007,14:00:00,14:30:00,00:30:00,After Forever,Saturday,Mainstage
2014,22:55:00,23:55:00,01:00:00,Against Me!,Saturday,The Warzone
2013,20:45:00,21:45:00,01:00:00,Agnostic Front,Friday,The Warzone
2006,22:20:00,23:00:00,00:40:00,Agnostic Front,Sunday,Hard'n'heavy stage
2010,22:20:00,23:20:00,01:00:00,Agnostic Front,Saturday,Terrorizer tent
2016,15:50:00,16:40:00,00:50:00,Agoraphobic Nosebleed,Saturday,The Altar
2016,11:40:00,12:10:00,00:30:00,Agressor,Sunday,The Altar
2015,17:25:00,18:10:00,00:45:00,Ahab,Saturday,The Valley
2008,13:20:00,14:00:00,00:40:00,Airbourne,Saturday,Mainstage
2015,16:55:00,17:45:00,00:50:00,Airbourne,Saturday,Mainstage 01
2010,17:00:00,17:50:00,00:50:00,Airbourne,Saturday,Mainstage 01
2006,19:40:00,20:10:00,00:30:00,Akercocke,Friday,Hard'n'heavy stage
2012,12:50:00,13:30:00,00:40:00,Alcest,Sunday,The Valley
2008,15:00:00,15:40:00,00:40:00,Alchemistÿ,Friday,Discover stage
2016,11:05:00,11:35:00,00:30:00,Alea Jacta Est,Sunday,The Warzone
2015,18:35:00,19:25:00,00:50:00,Alestorm,Sunday,The Temple
2015,20:45:00,22:00:00,01:15:00,Alice Cooper,Friday,Mainstage 01
2010,23:35:00,00:50:00,01:15:00,Alice Cooper,Saturday,Mainstage 01
2006,20:10:00,20:55:00,00:45:00,Alice in Chains,Friday,Mainstage
2012,11:05:00,11:50:00,00:45:00,All For Nothing,Sunday,The Warzone
2016,13:35:00,14:15:00,00:40:00,All Pigs Must Die,Friday,The Warzone
2012,12:50:00,13:30:00,00:40:00,All Shall Perish,Sunday,Mainstage 02
2009,14:25:00,15:05:00,00:40:00,All Shall Perish,Saturday,Terrorizer tent
2012,11:05:00,11:35:00,00:30:00,Alpha Tiger,Friday,Mainstage 01
2011,15:25:00,16:15:00,00:50:00,Alter Bridge,Friday,Mainstage 01
2014,16:45:00,17:45:00,01:00:00,Alter Bridge,Sunday,Mainstage 01
2009,20:00:00,20:45:00,00:45:00,Amebix,Saturday,Mainstage 02
2006,13:00:00,13:30:00,00:30:00,Amenra,Sunday,Hard'n'heavy stage
2012,12:50:00,13:30:00,00:40:00,Amenra,Saturday,The Valley
2012,00:45:00,02:00:00,01:15:00,Amon Amarth,Friday,The Temple
2007,18:30:00,19:10:00,00:40:00,Amon Amarth,Saturday,Mainstage
2016,19:40:00,20:40:00,01:00:00,Amon Amarth,Sunday,Mainstage 02
2009,23:55:00,00:55:00,01:00:00,Amon Amarth,Sunday,Rock Hard tent
2013,18:55:00,19:45:00,00:50:00,Amorphis,Saturday,The Altar
2012,15:55:00,16:40:00,00:45:00,Anaal Nathrakh,Sunday,The Temple
2008,20:00:00,20:40:00,00:40:00,Anaal Nathrakh,Saturday,Discover stage
2008,17:35:00,18:15:00,00:40:00,Anathema,Saturday,Second stage
2011,18:05:00,18:55:00,00:50:00,Anathema,Sunday,Mainstage 02
2011,12:20:00,13:00:00,00:40:00,Angel Witch,Saturday,Mainstage 01
2014,10:30:00,11:00:00,00:30:00,Angelus Apatrida,Friday,Mainstage 02
2014,16:00:00,16:50:00,00:50:00,Angra,Sunday,Mainstage 02
2007,15:00:00,15:30:00,00:30:00,Animosityÿ,Sunday,Mainstage
2014,17:50:00,18:40:00,00:50:00,Annihilator,Sunday,Mainstage 02
2010,19:55:00,20:45:00,00:50:00,Annihilator,Saturday,Mainstage 02
2016,16:45:00,17:35:00,00:50:00,Anthrax,Friday,Mainstage 01
2009,21:55:00,22:45:00,00:50:00,Anthrax,Friday,Mainstage 02
2013,22:55:00,23:55:00,01:00:00,Anti-Flag,Friday,The Warzone
2010,16:05:00,16:55:00,00:50:00,Anvil,Saturday,Mainstage 02
2012,10:30:00,11:00:00,00:30:00,Aosoth,Sunday,The Temple
2011,18:50:00,19:50:00,01:00:00,Apocalyptica,Saturday,Mainstage 01
2008,20:15:00,21:15:00,01:00:00,Apocalyptica,Saturday,Mainstage
2006,21:35:00,22:20:00,00:45:00,Apocalyptica,Friday,Mainstage
2010,22:30:00,23:30:00,01:00:00,Arch Enemy,Friday,Mainstage 02
2006,23:45:00,00:30:00,00:45:00,Arch Enemy,Saturday,Hard'n'heavy stage
2015,23:45:00,00:45:00,01:00:00,Arch Enemy,Sunday,The Altar
2016,18:35:00,19:25:00,00:50:00,Archgoat,Saturday,The Temple
2011,12:15:00,12:55:00,00:40:00,Architects,Friday,Mainstage 01
2012,22:05:00,23:05:00,01:00:00,Arcturus,Sunday,The Temple
2015,12:15:00,12:45:00,00:30:00,Argile,Friday,The Temple
2011,13:40:00,14:25:00,00:45:00,Arkona,Sunday,Rock Hard tent
2015,18:35:00,19:25:00,00:50:00,Arkona,Friday,The Temple
2011,10:30:00,11:00:00,00:30:00,Arma Gathas,Saturday,Terrorizer tent
2015,15:05:00,15:45:00,00:40:00,Armored Saint,Friday,Mainstage 01
2012,18:20:00,19:20:00,01:00:00,Arson Anthemÿ,Friday,The Warzone
2016,10:30:00,11:00:00,00:30:00,Arthemis,Sunday,Mainstage 02
2006,13:30:00,14:00:00,00:30:00,As I Lay Dying,Saturday,Mainstage
2010,19:40:00,20:25:00,00:45:00,As I Lay Dying,Saturday,Terrorizer tent
2012,11:05:00,11:50:00,00:45:00,As They Burn,Saturday,The Warzone
2012,14:20:00,15:10:00,00:50:00,Ascension,Saturday,The Temple
2015,15:50:00,16:30:00,00:40:00,ASG,Saturday,The Valley
2013,11:40:00,12:10:00,00:30:00,Asking Alexandria,Saturday,Mainstage 02
2010,15:15:00,16:00:00,00:45:00,Asphyx,Saturday,Rock Hard tent
2013,18:35:00,19:35:00,01:00:00,Asphyx,Friday,The Altar
2016,19:30:00,20:20:00,00:50:00,Asphyx,Saturday,The Altar
2008,21:30:00,22:15:00,00:45:00,At the Gates,Sunday,Second stage
2015,21:35:00,22:35:00,01:00:00,At the Gates,Sunday,The Altar
2013,22:55:00,23:55:00,01:00:00,At the Gates,Friday,The Altar
2013,01:00:00,02:00:00,01:00:00,Atari Teenage Riot,Sunday,The Warzone
2011,12:50:00,13:35:00,00:45:00,Atheist,Sunday,Mainstage 02
2007,17:10:00,17:50:00,00:40:00,Atheist,Sunday,Mainstage
2016,14:20:00,15:00:00,00:40:00,Atreyu,Saturday,Mainstage 02
2013,11:05:00,11:35:00,00:30:00,Attentat Rock,Saturday,Mainstage 01
2011,10:20:00,10:50:00,00:30:00,Audrey Horne,Sunday,Mainstage 02
2016,11:40:00,12:10:00,00:30:00,Audrey Horne,Friday,Mainstage 02
2013,12:15:00,12:45:00,00:30:00,Audrey Horne,Saturday,Mainstage 01
2016,12:50:00,13:30:00,00:40:00,August Burns Red,Saturday,Mainstage 02
2012,14:20:00,15:00:00,00:40:00,August Burns Red,Sunday,Mainstage 02
2013,16:00:00,16:40:00,00:40:00,Aura Noir,Friday,The Temple
2009,16:40:00,17:20:00,00:40:00,Aura Noir,Saturday,Rock Hard tent
2016,22:40:00,23:40:00,01:00:00,Aura Noir,Friday,The Temple
2008,14:00:00,14:40:00,00:40:00,Ava Inferiÿ,Friday,Discover stage
2013,01:00:00,02:00:00,01:00:00,Avantasia,Friday,Mainstage 02
2014,01:00:00,02:05:00,01:05:00,Avenged Sevenfold,Saturday,Mainstage 02
2006,17:50:00,18:30:00,00:40:00,Avenged Sevenfold,Friday,Mainstage
2012,14:20:00,15:10:00,00:50:00,Avulsed,Saturday,The Altar
2014,12:15:00,12:45:00,00:30:00,Ays,Saturday,The Warzone
2014,10:30:00,11:00:00,00:30:00,Azziard,Sunday,The Temple
2016,12:15:00,12:45:00,00:30:00,Backtrack,Sunday,The Warzone
2009,14:25:00,15:05:00,00:40:00,Backyard Babies,Friday,Mainstage 01
2015,16:00:00,16:40:00,00:40:00,Backyard Babies,Saturday,Mainstage 02
2011,01:00:00,02:00:00,01:00:00,Bad Brains,Saturday,Terrorizer tent
2013,01:05:00,02:05:00,01:00:00,Bad Religion,Saturday,The Warzone
2016,20:25:00,21:15:00,00:50:00,Bad Religion,Saturday,The Warzone
2013,13:35:00,14:15:00,00:40:00,Bane,Friday,The Warzone
2008,21:00:00,21:40:00,00:40:00,Baroness,Friday,Discover stage
2012,10:30:00,11:00:00,00:30:00,Behemoth,Saturday,The Temple
2010,16:05:00,16:55:00,00:50:00,Behemoth,Sunday,Mainstage 02
2007,17:50:00,18:30:00,00:40:00,Behemoth,Sunday,Gibson stage
2014,19:50:00,20:45:00,00:55:00,Behemoth,Sunday,Mainstage 02
2016,15:05:00,15:45:00,00:40:00,Behexen,Friday,The Temple
2012,11:40:00,12:10:00,00:30:00,Belenos,Friday,The Temple
2008,01:00:00,02:00:00,01:00:00,Belphegor,Saturday,Discover stage
2013,19:50:00,20:40:00,00:50:00,Belphegor,Saturday,The Temple
2011,21:15:00,22:05:00,00:50:00,Belphegor,Friday,Rock Hard tent
2012,12:50:00,13:30:00,00:40:00,Benediction,Friday,The Altar
2012,11:40:00,12:10:00,00:30:00,Benighted,Friday,The Altar
2014,12:15:00,12:45:00,00:30:00,Benighted,Saturday,The Altar
2008,14:00:00,14:40:00,00:40:00,Benighted,Saturday,Discover stage
2013,12:15:00,12:45:00,00:30:00,Berri Txarrak,Friday,The Warzone
2009,19:05:00,19:55:00,00:50:00,Betrayed,Saturday,Terrorizer tent
2012,10:30:00,11:00:00,00:30:00,Betraying the Martyrs,Friday,Mainstage 02
2008,12:30:00,13:00:00,00:30:00,Between the Buried and Me,Sunday,Discover stage
2013,16:45:00,17:35:00,00:50:00,Between the Buried and Me,Friday,The Altar
2010,17:10:00,17:50:00,00:40:00,Between the Buried and Me,Friday,Terrorizer tent
2012,16:05:00,16:55:00,00:50:00,Big Businessÿ,Saturday,The Valley
2015,16:35:00,17:35:00,01:00:00,Billy Idol,Friday,Mainstage 01
2015,00:40:00,01:40:00,01:00:00,Biohazard,Saturday,The Warzone
2010,00:55:00,02:00:00,01:05:00,Biohazard,Friday,Mainstage 02
2012,23:10:00,00:55:00,01:45:00,Biohazard,Sunday,The Warzone
2015,11:05:00,11:35:00,00:30:00,Birds in Raw,Sunday,The Warzone
2013,12:50:00,13:30:00,00:40:00,Bison B.C.,Friday,The Valley
2012,12:50:00,13:30:00,00:40:00,Black Bomb A,Friday,Mainstage 02
2013,16:00:00,16:40:00,00:40:00,Black Breath,Friday,The Valley
2010,13:50:00,14:30:00,00:40:00,Black Cobra,Sunday,Terrorizer tent
2013,14:20:00,15:00:00,00:40:00,Black Cobra,Friday,The Valley
2012,15:05:00,15:50:00,00:45:00,Black Label Society,Sunday,Mainstage 01
2011,20:50:00,21:50:00,01:00:00,Black Label Society,Saturday,Mainstage 01
2013,19:40:00,20:40:00,01:00:00,Black Pyramid,Friday,The Valley
2016,23:10:00,00:40:00,01:30:00,Black Sabbath,Sunday,Mainstage 01
2014,23:10:00,00:55:00,01:45:00,Black Sabbath,Sunday,Mainstage 01
2013,12:15:00,12:45:00,00:30:00,Black Spidersÿ,Friday,Mainstage 01
2008,13:20:00,13:50:00,00:30:00,Black Tide,Saturday,Discover stage
2014,16:00:00,16:50:00,00:50:00,Black Tusk,Sunday,The Valley
2014,11:40:00,12:10:00,00:30:00,Blacklodge,Sunday,The Temple
2010,10:30:00,11:00:00,00:30:00,BlasphŠme,Sunday,Mainstage 02
2014,16:55:00,17:45:00,00:50:00,BL'AST!,Saturday,The Warzone
2008,12:30:00,13:00:00,00:30:00,Blazing War Machine,Saturday,Discover stage
2008,01:00:00,02:00:00,01:00:00,Bleeding Through,Friday,Discover stage
2016,17:40:00,18:30:00,00:50:00,Blind Guardian,Sunday,Mainstage 02
2007,22:20:00,23:00:00,00:40:00,Blind Guardian,Sunday,Gibson stage
2014,13:35:00,14:15:00,00:40:00,Blockheads,Friday,The Altar
2009,14:25:00,15:05:00,00:40:00,Blockheads,Friday,Terrorizer tent
2012,15:55:00,16:40:00,00:45:00,Blood Red Throne,Sunday,The Altar
2010,23:30:00,00:30:00,01:00:00,Bloodbath,Sunday,Rock Hard tent
2015,19:30:00,20:25:00,00:55:00,Bloodbath,Friday,The Altar
2007,15:00:00,15:30:00,00:30:00,Bloodsimple,Friday,Mainstage
2006,15:30:00,16:10:00,00:40:00,Bloodsimple,Friday,Mainstage
2012,18:35:00,19:35:00,01:00:00,Blue ™yster Cult,Sunday,Mainstage 01
2014,11:05:00,11:35:00,00:30:00,Blues Pills,Sunday,Mainstage 01
2015,20:05:00,21:05:00,01:00:00,Body Count ft Ice-T,Saturday,The Warzone
2011,23:15:00,00:15:00,01:00:00,Bolt Thrower,Saturday,Rock Hard tent
2015,11:40:00,12:10:00,00:30:00,B”lzer,Friday,The Altar
2014,12:50:00,13:30:00,00:40:00,Borgne,Saturday,The Temple
2008,12:40:00,13:10:00,00:30:00,Born From Pain,Friday,Second stage
2010,16:10:00,16:50:00,00:40:00,Born From Pain,Saturday,Terrorizer tent
2006,18:30:00,19:00:00,00:30:00,Born From Pain,Sunday,Hard'n'heavy stage
2006,19:40:00,20:10:00,00:30:00,Boysetsfire,Saturday,Hard'n'heavy stage
2012,15:50:00,16:30:00,00:40:00,Brain Police,Friday,The Valley
2015,19:10:00,20:00:00,00:50:00,Brant Bjork,Saturday,The Valley
2010,19:30:00,20:15:00,00:45:00,Brant Bjork and the Bros,Sunday,Terrorizer tent
2015,10:30:00,11:00:00,00:30:00,Breakdust,Friday,Mainstage 02
2016,21:55:00,22:55:00,01:00:00,Bring Me the Horizon,Saturday,Mainstage 02
2016,15:50:00,16:40:00,00:50:00,Brodequin,Sunday,The Altar
2015,12:15:00,12:45:00,00:30:00,Broken Teeth,Saturday,The Warzone
2007,17:10:00,17:50:00,00:40:00,Brujeria,Saturday,Mainstage
2012,17:30:00,18:15:00,00:45:00,Brujeria,Friday,The Altar
2009,01:00:00,02:00:00,01:00:00,Brutal Truth,Sunday,Terrorizer tent
2012,14:20:00,15:00:00,00:40:00,Brutal Truth,Sunday,The Altar
2007,20:40:00,21:20:00,00:40:00,Brutal Truth,Friday,Gibson stage
2014,20:45:00,21:45:00,01:00:00,Brutal Truth,Saturday,The Altar
2014,12:15:00,12:45:00,00:30:00,Brutality Will Prevail,Friday,The Warzone
2014,14:20:00,15:05:00,00:45:00,Buckcherry,Saturday,Mainstage 02
2009,17:25:00,18:10:00,00:45:00,Buckcherry,Friday,Mainstage 01
2012,12:15:00,12:45:00,00:30:00,Bukowski,Friday,Mainstage 01
2016,18:35:00,19:35:00,01:00:00,Bullet for my Valentine,Friday,Mainstage 01
2013,22:05:00,23:05:00,01:00:00,Bullet for My Valentine,Saturday,Mainstage 02
2014,13:35:00,14:15:00,00:40:00,Burning Heads,Saturday,The Warzone
2016,11:40:00,12:10:00,00:30:00,Bury Tomorrow,Saturday,Mainstage 02
2013,15:15:00,16:05:00,00:50:00,Bury Your Dead,Saturday,The Warzone
2015,12:15:00,12:45:00,00:30:00,Butcher Babies,Saturday,Mainstage 01
2013,18:35:00,19:30:00,00:55:00,Buzzcocks,Sunday,The Warzone
2016,18:35:00,19:25:00,00:50:00,Caliban,Sunday,The Warzone
2012,15:15:00,16:00:00,00:45:00,Cancer Bats,Saturday,The Warzone
2008,19:25:00,20:10:00,00:45:00,Candlemass,Saturday,Second stage
2010,20:30:00,21:30:00,01:00:00,Candlemass,Saturday,Rock Hard tent
2013,22:55:00,23:55:00,01:00:00,Candlemass,Saturday,The Altar
2007,00:00:00,01:00:00,01:00:00,Cannibal Corpse,Friday,Gibson stage
2015,19:30:00,20:20:00,00:50:00,Cannibal Corpse,Sunday,The Altar
2012,21:25:00,22:25:00,01:00:00,Cannibal Corpse,Friday,The Altar
2006,18:30:00,19:00:00,00:30:00,Capricorns,Saturday,Hard'n'heavy stage
2013,11:05:00,11:35:00,00:30:00,Captain Cleanoff,Friday,The Altar
2015,13:35:00,14:15:00,00:40:00,Carach Angren,Sunday,The Temple
2008,23:50:00,00:50:00,01:00:00,Carcass,Friday,Second stage
2010,01:00:00,02:00:00,01:00:00,Carcass,Saturday,Mainstage 02
2014,01:05:00,02:05:00,01:00:00,Carcass,Saturday,The Altar
2014,11:05:00,11:35:00,00:30:00,Carnal Lust,Sunday,The Altar
2010,11:20:00,11:50:00,00:30:00,Carnifex,Friday,Terrorizer tent
2006,12:30:00,13:00:00,00:30:00,Carnival in Coal,Sunday,Mainstage
2013,21:50:00,22:50:00,01:00:00,Carpathian Forest,Friday,The Temple
2014,12:50:00,13:30:00,00:40:00,Caspian,Friday,The Valley
2009,20:00:00,20:45:00,00:45:00,Cathedral,Sunday,Rock Hard tent
2016,14:20:00,15:00:00,00:40:00,Cattle Decapitation,Saturday,The Altar
2008,01:00:00,02:00:00,01:00:00,Cavalera Conspiracy,Saturday,Mainstage
2011,17:00:00,18:00:00,01:00:00,Cavalera Conspiracy,Sunday,Mainstage 01
2015,18:35:00,19:35:00,01:00:00,Cavalera Conspiracy,Sunday,Mainstage 01
2012,11:40:00,12:10:00,00:30:00,Celeste,Friday,The Valley
2006,23:45:00,00:30:00,00:45:00,Celtic Frost,Sunday,Hard'n'heavy stage
2006,16:10:00,16:40:00,00:30:00,Cephalic Carnage,Friday,Hard'n'heavy stage
2013,20:45:00,21:45:00,01:00:00,Ceremonial Oathÿ,Friday,The Altar
2012,12:50:00,13:30:00,00:40:00,Channel Zero,Saturday,Mainstage 02
2012,23:30:00,00:30:00,01:00:00,Children of Bodom,Sunday,The Altar
2007,21:20:00,22:20:00,01:00:00,Children of Bodom,Saturday,Mainstage
2015,21:35:00,22:35:00,01:00:00,Children of Bodom,Friday,The Altar
2007,17:10:00,17:50:00,00:40:00,Chimaira,Friday,Mainstage
2011,14:40:00,15:20:00,00:40:00,Church of Misery,Friday,Terrorizer tent
2009,18:15:00,19:00:00,00:45:00,Clutch,Saturday,Mainstage 02
2014,19:45:00,20:40:00,00:55:00,Clutch,Saturday,The Valley
2011,22:10:00,23:00:00,00:50:00,Clutch,Friday,Terrorizer tent
2013,14:20:00,15:10:00,00:50:00,Coal Chamber,Saturday,Mainstage 02
2009,20:50:00,21:50:00,01:00:00,Coalesceÿ,Sunday,Terrorizer tent
2014,11:05:00,11:35:00,00:30:00,Cobra,Sunday,The Warzone
2015,11:40:00,12:10:00,00:30:00,Cock and Ball Torture,Saturday,The Altar
2015,22:40:00,23:40:00,01:00:00,Cock Sparrer,Friday,The Warzone
2013,16:45:00,17:35:00,00:50:00,Cockney Rejects,Sunday,The Warzone
2015,12:15:00,12:45:00,00:30:00,Code Orange,Sunday,The Warzone
2015,19:10:00,20:00:00,00:50:00,Coffins,Saturday,The Altar
2007,20:15:00,20:45:00,00:30:00,Coldworkerÿ,Friday,Discover stage
2012,22:05:00,23:05:00,01:00:00,Colour Haze,Friday,The Valley
2011,18:20:00,19:05:00,00:45:00,Comeback Kid,Saturday,Terrorizer tent
2014,20:45:00,21:45:00,01:00:00,Comeback Kid,Saturday,The Warzone
2008,23:00:00,23:40:00,00:40:00,Comeback Kid,Sunday,Discover stage
2014,11:40:00,12:10:00,00:30:00,Conan,Friday,The Valley
2010,13:45:00,14:25:00,00:40:00,Condko‹,Saturday,Rock Hard tent
2011,23:30:00,00:30:00,01:00:00,Converge,Saturday,Terrorizer tent
2007,19:10:00,19:50:00,00:40:00,Converge,Sunday,Gibson stage
2013,20:45:00,21:45:00,01:00:00,Converge,Saturday,The Warzone
2016,22:40:00,23:40:00,01:00:00,Converge,Friday,The Warzone
2011,01:00:00,02:00:00,01:00:00,Coroner,Saturday,Mainstage 02
2011,20:50:00,21:40:00,00:50:00,Corrosion of Conformity,Friday,Terrorizer tent
2016,10:30:00,11:00:00,00:30:00,Corrosive Elements,Sunday,The Altar
2006,12:00:00,12:30:00,00:30:00,Cortez,Saturday,Hard'n'heavy stage
2016,11:05:00,11:35:00,00:30:00,Cowards,Friday,The Warzone
2013,23:55:00,00:55:00,01:00:00,Cradle of Filth,Sunday,The Temple
2011,01:00:00,02:00:00,01:00:00,Cradle of Filth,Sunday,Rock Hard tent
2009,17:25:00,18:10:00,00:45:00,Cradle of Filth,Saturday,Mainstage 01
2015,20:30:00,21:30:00,01:00:00,Cradle of Filth,Friday,The Temple
2006,21:35:00,22:20:00,00:45:00,Cradle of Filth,Saturday,Mainstage
2015,15:05:00,15:45:00,00:40:00,Craft,Saturday,The Temple
2012,13:35:00,14:15:00,00:40:00,Crashd‹et,Saturday,Mainstage 01
2016,12:50:00,13:30:00,00:40:00,Crobot,Saturday,The Valley
2009,01:00:00,02:00:00,01:00:00,Cro-Mags,Saturday,Terrorizer tent
2014,12:15:00,12:45:00,00:30:00,Crossfaith,Friday,Mainstage 01
2010,12:50:00,13:30:00,00:40:00,Crowbar,Friday,Mainstage 02
2014,13:35:00,14:15:00,00:40:00,Crowbar,Sunday,Mainstage 01
2016,12:15:00,12:45:00,00:30:00,Cruachan,Friday,The Temple
2011,11:10:00,11:40:00,00:30:00,Crucified Barbara,Saturday,Mainstage 01
2015,14:20:00,15:00:00,00:40:00,Crusher,Saturday,The Altar
2014,12:15:00,12:45:00,00:30:00,Crushing Caspars,Sunday,The Warzone
2013,15:05:00,15:50:00,00:45:00,Cryptopsy,Sunday,The Altar
2008,00:00:00,00:40:00,00:40:00,Cult of Luna,Sunday,Discover stage
2013,00:00:00,01:00:00,01:00:00,Cult of Luna,Saturday,The Valley
2007,19:10:00,19:50:00,00:40:00,Cynic,Saturday,Gibson stage
2012,13:35:00,14:15:00,00:40:00,D.A.D.,Sunday,Mainstage 01
2012,17:40:00,18:30:00,00:50:00,D.Usk,Sunday,The Valley
2009,12:55:00,13:35:00,00:40:00,Dagoba,Saturday,Mainstage 01
2011,14:35:00,15:20:00,00:45:00,Dagoba,Friday,Mainstage 02
2014,17:50:00,18:40:00,00:50:00,Dagoba,Saturday,Mainstage 02
2006,18:30:00,19:00:00,00:30:00,Dagoba,Friday,Hard'n'heavy stage
2006,14:00:00,14:30:00,00:30:00,Damnation A.D.,Saturday,Hard'n'heavy stage
2008,15:00:00,15:40:00,00:40:00,Danko Jones,Friday,Mainstage
2013,15:05:00,15:50:00,00:45:00,Danko Jones,Sunday,Mainstage 01
2006,17:50:00,18:30:00,00:40:00,Danko Jones,Saturday,Mainstage
2013,21:45:00,22:45:00,01:00:00,Danzig,Sunday,The Valley
2014,18:45:00,19:55:00,01:10:00,Dark Angel,Sunday,Mainstage 01
2016,13:35:00,14:15:00,00:40:00,Dark Fortress,Saturday,The Temple
2016,01:00:00,02:00:00,01:00:00,Dark Funeral,Saturday,The Temple
2010,18:50:00,19:50:00,01:00:00,Dark Funeral,Saturday,Rock Hard tent
2013,19:35:00,20:35:00,01:00:00,Dark Funeral,Sunday,The Temple
2011,23:25:00,00:25:00,01:00:00,Dark Tranquillity,Sunday,Rock Hard tent
2015,14:20:00,15:00:00,00:40:00,Dark Tranquillity,Sunday,Mainstage 02
2007,16:00:00,16:40:00,00:40:00,Dark Tranquillity,Sunday,Mainstage
2006,14:30:00,15:00:00,00:30:00,Darkest Hour,Friday,Mainstage
2012,22:50:00,22:05:00,check,Darkest Hour,Saturday,The Warzone
2014,10:30:00,11:00:00,00:30:00,Darkness Dynamite,Saturday,Mainstage 02
2012,15:50:00,16:30:00,00:40:00,Darkspace,Friday,The Temple
2013,12:15:00,12:45:00,00:30:00,Dead Congregationÿ,Saturday,The Altar
2015,00:50:00,01:50:00,01:00:00,Dead Kennedys,Friday,The Warzone
2006,00:30:00,???,check,Dead Kennedys,Sunday,Mainstage
2006,00:30:00,???,check,Dead to Fall,Friday,Mainstage
2016,12:50:00,13:30:00,00:40:00,Death Alley,Sunday,The Valley
2008,14:10:00,14:50:00,00:40:00,Death Angel,Friday,Second stage
2012,14:20:00,15:10:00,00:50:00,Death Angel,Saturday,Mainstage 02
2014,17:50:00,18:40:00,00:50:00,Death Angel,Friday,Mainstage 02
2012,13:35:00,14:15:00,00:40:00,Death Before Dishonor,Sunday,The Warzone
2015,12:50:00,13:30:00,00:40:00,Death Engine,Sunday,The Valley
2014,22:55:00,23:55:00,01:00:00,Death: DTA,Friday,The Altar
2010,13:45:00,14:25:00,00:40:00,Decapitated,Sunday,Rock Hard tent
2015,10:30:00,11:00:00,00:30:00,Deep in Hate,Saturday,The Altar
2014,21:55:00,22:50:00,00:55:00,Deep Purple,Saturday,Mainstage 02
2011,13:30:00,14:10:00,00:40:00,Deez Nuts,Saturday,Terrorizer tent
2013,16:45:00,17:35:00,00:50:00,Deez Nuts,Friday,The Warzone
2013,23:10:00,00:55:00,01:45:00,Def Leppard,Friday,Mainstage 01
2007,19:30:00,20:00:00,00:30:00,dEFDUMp,Saturday,Discover stage
2015,15:05:00,15:45:00,00:40:00,Defeater,Friday,The Warzone
2010,16:45:00,18:00:00,01:15:00,Deftones,Friday,Mainstage 01
2016,00:45:00,01:45:00,01:00:00,Deicide,Sunday,The Temple
2016,11:05:00,11:35:00,00:30:00,Delain,Friday,Mainstage 01
2010,12:15:00,12:55:00,00:40:00,Delain,Saturday,Mainstage 01
2006,15:00:00,15:30:00,00:30:00,Demented Are Go!,Sunday,Hard'n'heavy stage
2015,12:15:00,12:45:00,00:30:00,Der Weg einer Freiheit,Saturday,The Temple
2015,12:15:00,12:45:00,00:30:00,Despise You,Friday,The Warzone
2007,18:00:00,18:30:00,00:30:00,Destinity,Friday,Discover stage
2009,15:10:00,15:50:00,00:40:00,Destr”yer 666,Friday,Rock Hard tent
2014,16:00:00,16:50:00,00:50:00,Destr”yer 666,Friday,The Temple
2009,16:40:00,17:20:00,00:40:00,Destruction,Sunday,Mainstage 02
2011,17:55:00,18:55:00,01:00:00,Destruction,Saturday,Mainstage 02
2015,17:25:00,18:10:00,00:45:00,Desultory,Saturday,The Altar
2009,15:55:00,16:35:00,00:40:00,DevilDriver,Saturday,Mainstage 01
2012,17:40:00,18:30:00,00:50:00,DevilDriver,Sunday,Mainstage 02
2006,20:55:00,21:35:00,00:40:00,DevilDriver,Saturday,Hard'n'heavy stage
2010,17:55:00,18:45:00,00:50:00,Devin Townsend Project,Sunday,Mainstage 02
2010,10:30:00,11:00:00,00:30:00,Dew-Scented,Saturday,Mainstage 02
2007,14:00:00,14:30:00,00:30:00,Dew-Scented,Friday,Mainstage
2012,01:00:00,02:00:00,01:00:00,Dimmu Borgir,Sunday,The Temple
2008,20:15:00,21:15:00,01:00:00,Dimmu Borgir,Friday,Mainstage
2016,11:05:00,11:35:00,00:30:00,Dirty Fonzy,Saturday,The Warzone
2011,20:50:00,21:40:00,00:50:00,Dirty Rotten Imbeciles,Saturday,Terrorizer tent
2012,15:05:00,15:45:00,00:40:00,Discharge,Friday,The Warzone
2016,15:05:00,15:55:00,00:50:00,Discharge,Saturday,The Warzone
2010,20:55:00,21:50:00,00:55:00,Discharge,Saturday,Terrorizer tent
2010,13:00:00,13:40:00,00:40:00,Discipline,Saturday,Terrorizer tent
2008,15:00:00,15:40:00,00:40:00,Disfear,Saturday,Discover stage
2016,19:30:00,20:30:00,01:00:00,Disturbed,Saturday,Mainstage 02
2012,16:05:00,16:55:00,00:50:00,Djervÿ,Saturday,The Temple
2012,11:40:00,12:10:00,00:30:00,Do Or Die,Sunday,Mainstage 02
2015,11:05:00,11:35:00,00:30:00,Doctor Livingstone,Saturday,The Temple
2011,13:45:00,14:30:00,00:45:00,D›dheimsgard,Friday,Rock Hard tent
2012,17:00:00,17:50:00,00:50:00,Dog Eat Dog,Saturday,The Warzone
2010,20:45:00,21:30:00,00:45:00,Doom,Sunday,Terrorizer tent
2012,12:50:00,13:30:00,00:40:00,Doomridersÿ,Friday,The Valley
2014,14:20:00,15:05:00,00:45:00,Dordeduh,Sunday,The Temple
2007,17:15:00,17:45:00,00:30:00,Dornfall,Friday,Discover stage
2011,20:05:00,20:55:00,00:50:00,Doro,Sunday,Mainstage 02
2013,17:05:00,17:55:00,00:50:00,Down,Saturday,Mainstage 01
2011,19:05:00,20:05:00,01:00:00,Down,Friday,Mainstage 01
2013,19:35:00,20:35:00,01:00:00,Down,Sunday,The Valley
2009,20:50:00,21:50:00,01:00:00,Down,Friday,Mainstage 01
2014,14:20:00,15:05:00,00:45:00,Downfall of Gaia,Friday,The Valley
2014,11:40:00,12:10:00,00:30:00,Doyle Airence,Friday,Mainstage 02
2014,19:45:00,20:40:00,00:55:00,Dozer,Sunday,The Valley
2016,14:20:00,15:00:00,00:40:00,DragonForce,Sunday,Mainstage 02
2009,15:55:00,16:35:00,00:40:00,DragonForce,Sunday,Mainstage 01
2007,23:00:00,00:00:00,01:00:00,Dream Theater,Sunday,Mainstage
2009,22:50:00,23:50:00,01:00:00,Dream Theater,Sunday,Mainstage 01
2012,22:05:00,23:05:00,01:00:00,Dropkick Murphys,Friday,Mainstage 02
2016,22:05:00,23:05:00,01:00:00,Dropkick Murphys,Friday,Mainstage 02
2016,11:40:00,12:10:00,00:30:00,Drowned,Saturday,The Altar
2006,11:30:00,12:00:00,00:30:00,Drowning,Saturday,Mainstage
2011,15:15:00,16:05:00,00:50:00,Duff McKagan's Loaded,Sunday,Mainstage 01
2016,11:40:00,12:10:00,00:30:00,Dust Bolt,Friday,The Altar
2011,13:00:00,13:40:00,00:40:00,Dwarves,Friday,Mainstage 02
2015,17:30:00,18:20:00,00:50:00,Dying Fetus,Friday,The Altar
2012,17:40:00,18:30:00,00:50:00,Dying Fetus,Sunday,The Altar
2008,21:00:00,21:40:00,00:40:00,Dying Fetus,Sunday,Discover stage
2007,15:00:00,15:30:00,00:30:00,Dylath-Leen,Friday,Discover stage
2012,10:30:00,11:00:00,00:30:00,D˜se,Saturday,The Valley
2013,11:40:00,12:10:00,00:30:00,Eagle Twin,Friday,The Valley
2016,17:40:00,18:30:00,00:50:00,Earth,Friday,The Valley
2007,19:10:00,19:50:00,00:40:00,Earth Crisis,Friday,Gibson stage
2012,19:45:00,20:45:00,01:00:00,Edguy,Saturday,Mainstage 02
2007,20:40:00,21:20:00,00:40:00,Edguy,Sunday,Gibson stage
2015,11:40:00,12:10:00,00:30:00,Elder,Saturday,The Valley
2010,11:05:00,11:35:00,00:30:00,Electric Mary,Saturday,Mainstage 01
2014,00:00:00,01:00:00,01:00:00,Electric Wizard,Friday,The Valley
2011,22:10:00,23:00:00,00:50:00,Electric Wizard,Sunday,Terrorizer tent
2009,22:50:00,23:50:00,01:00:00,Electric Wizard,Sunday,Terrorizer tent
2007,16:30:00,17:00:00,00:30:00,Ellipsis,Saturday,Discover stage
2010,13:00:00,13:40:00,00:40:00,Eluveitie,Sunday,Mainstage 02
2008,13:20:00,14:00:00,00:40:00,Eluveitie,Friday,Mainstage
2014,21:50:00,22:50:00,01:00:00,Eluveitie,Saturday,The Temple
2012,12:15:00,12:45:00,00:30:00,Emmure,Saturday,The Warzone
2014,22:00:00,23:05:00,01:05:00,Emperor,Sunday,Mainstage 02
2007,01:00:00,???,check,Emperor,Sunday,Mainstage
2016,20:30:00,21:25:00,00:55:00,Empyrium,Sunday,The Temple
2006,14:00:00,14:30:00,00:30:00,Endstandÿ,Friday,Hard'n'heavy stage
2012,14:20:00,15:00:00,00:40:00,Endstille,Friday,The Temple
2010,14:30:00,15:10:00,00:40:00,Ensiferum,Sunday,Mainstage 02
2015,10:05:00,21:05:00,###############################################################################################################################################################################################################################################################,Ensiferum,Saturday,The Temple
2014,00:00:00,01:00:00,01:00:00,Enslaved,Friday,The Temple
2012,19:45:00,20:45:00,01:00:00,Enslaved,Saturday,The Temple
2009,21:55:00,22:45:00,00:50:00,Enslaved,Saturday,Rock Hard tent
2007,22:20:00,23:00:00,00:40:00,Enslaved,Friday,Gibson stage
2016,22:40:00,23:40:00,01:00:00,Enslaved,Sunday,The Temple
2015,13:35:00,14:15:00,00:40:00,Enthroned,Friday,The Temple
2012,23:55:00,00:55:00,01:00:00,Entombed,Saturday,The Altar
2009,20:00:00,20:45:00,00:45:00,Entombed,Friday,Rock Hard tent
2006,20:10:00,20:55:00,00:45:00,Entombed,Sunday,Mainstage
2016,17:40:00,18:30:00,00:50:00,Entombed A.D.,Saturday,The Altar
2016,12:50:00,13:30:00,00:40:00,Entrails,Saturday,The Altar
2008,01:00:00,02:00:00,01:00:00,Envy,Sunday,Discover stage
2015,19:30:00,20:25:00,00:55:00,Envy,Friday,The Valley
2007,14:30:00,15:00:00,00:30:00,Ephel Duath,Sunday,Gibson stage
2007,16:00:00,16:40:00,00:40:00,Epica,Saturday,Mainstage
2009,17:25:00,18:10:00,00:45:00,Epica,Sunday,Mainstage 01
2015,19:40:00,20:40:00,01:00:00,Epica,Sunday,Mainstage 02
2013,14:20:00,15:10:00,00:50:00,Equilibrium,Saturday,The Temple
2014,17:50:00,18:40:00,00:50:00,Equilibrium,Sunday,The Temple
2013,10:30:00,11:00:00,00:30:00,Eryn Non Dae,Sunday,The Valley
2007,14:15:00,14:45:00,00:30:00,Eryn Non Dae,Sunday,Discover stage
2015,12:15:00,12:45:00,00:30:00,Eths,Sunday,Mainstage 01
2008,13:20:00,14:00:00,00:40:00,Eths,Sunday,Mainstage
2013,16:45:00,17:35:00,00:50:00,Europe,Friday,Mainstage 01
2009,20:50:00,21:50:00,01:00:00,Europe,Sunday,Mainstage 01
2010,12:15:00,12:45:00,00:30:00,Evile,Friday,Mainstage 01
2008,18:00:00,18:40:00,00:40:00,Evile,Friday,Discover stage
2013,15:05:00,15:55:00,00:50:00,Evokenÿ,Friday,The Altar
2010,12:15:00,12:55:00,00:40:00,Ex Deo,Sunday,Rock Hard tent
2011,15:25:00,16:10:00,00:45:00,Exhumed,Saturday,Rock Hard tent
2015,15:50:00,16:40:00,00:50:00,Exodus,Sunday,Mainstage 02
2012,17:55:00,18:45:00,00:50:00,Exodus,Saturday,Mainstage 02
2010,19:55:00,20:45:00,00:50:00,Exodus,Sunday,Mainstage 02
2012,11:05:00,11:35:00,00:30:00,Extinction of Mankindÿ,Friday,The Warzone
2014,16:55:00,17:45:00,00:50:00,Extreme,Saturday,Mainstage 01
2009,15:10:00,15:50:00,00:40:00,Eyehategod,Friday,Mainstage 02
2011,17:05:00,17:50:00,00:45:00,Eyehategod,Friday,Terrorizer tent
2015,17:30:00,18:20:00,00:50:00,Eyehategod,Sunday,The Valley
2015,21:45:00,23:00:00,01:15:00,Faith No More,Saturday,Mainstage 02
2016,12:50:00,13:30:00,00:40:00,Fallujah,Sunday,The Altar
2010,23:35:00,00:50:00,01:15:00,Fear Factory,Friday,Mainstage 01
2010,23:55:00,00:55:00,01:00:00,Fields of the Nephilim,Saturday,Rock Hard tent
2010,14:20:00,15:00:00,00:40:00,Finntroll,Friday,Mainstage 02
2015,18:15:00,19:05:00,00:50:00,Finntroll,Saturday,The Temple
2013,21:50:00,22:50:00,01:00:00,Finntroll,Saturday,The Temple
2011,13:40:00,14:25:00,00:45:00,Firewind,Sunday,Mainstage 01
2014,11:05:00,11:35:00,00:30:00,First Blood,Friday,The Warzone
2015,19:40:00,20:40:00,01:00:00,Five Finger Death Punch,Friday,Mainstage 02
2016,16:45:00,17:35:00,00:50:00,Fleshgod Apocalypse,Saturday,The Temple
2014,22:55:00,23:55:00,01:00:00,Flogging Molly,Sunday,The Warzone
2008,14:10:00,14:50:00,00:40:00,Forbidden,Sunday,Second stage
2016,16:45:00,17:35:00,00:50:00,Foreigner,Saturday,Mainstage 01
2012,14:20:00,15:00:00,00:40:00,Forgotten Tomb,Sunday,The Temple
2010,12:15:00,12:55:00,00:40:00,Freak Kitchen,Sunday,Mainstage 01
2012,20:30:00,22:00:00,01:30:00,From Ashes Rise,Friday,The Warzone
2016,23:15:00,00:15:00,01:00:00,Fu Manchu,Saturday,The Valley
2007,18:45:00,19:15:00,00:30:00,Fubar,Saturday,Discover stage
2014,12:50:00,13:30:00,00:40:00,Fueled By Fire,Friday,Mainstage 02
2007,18:00:00,18:30:00,00:30:00,Furia,Sunday,Discover stage
2006,12:30:00,13:00:00,00:30:00,Gadget,Saturday,Mainstage
2013,17:05:00,17:55:00,00:50:00,Gallows,Saturday,The Warzone
2009,11:35:00,12:05:00,00:30:00,Gama Bomb,Saturday,Mainstage 01
2012,11:40:00,12:10:00,00:30:00,Gama Bomb,Saturday,Mainstage 02
2008,21:30:00,22:15:00,00:45:00,Gamma Ray,Saturday,Second stage
2006,19:00:00,19:40:00,00:40:00,Gbh,Sunday,Mainstage
2014,14:20:00,15:05:00,00:45:00,Gehenna,Friday,The Temple
2010,11:05:00,11:35:00,00:30:00,General Surgeryÿ,Sunday,Rock Hard tent
2013,00:45:00,02:00:00,01:15:00,Ghost,Sunday,Mainstage 02
2011,15:50:00,16:50:00,01:00:00,Ghost,Sunday,Terrorizer tent
2016,22:05:00,23:05:00,01:00:00,Ghost,Sunday,Mainstage 02
2015,14:20:00,15:00:00,00:40:00,Ghost Brigade,Saturday,Mainstage 02
2010,14:50:00,15:30:00,00:40:00,Ghost Brigadeÿ,Friday,Terrorizer tent
2008,15:00:00,15:40:00,00:40:00,Ghost Brigadeÿ,Sunday,Discover stage
2012,12:15:00,12:45:00,00:30:00,Girlschool,Sunday,Mainstage 01
2009,12:55:00,13:35:00,00:40:00,Girlschool,Friday,Mainstage 01
2016,13:35:00,14:15:00,00:40:00,Glenn Hughes,Saturday,Mainstage 01
2012,10:30:00,11:00:00,00:30:00,Glorior Belli,Saturday,The Temple
2015,10:30:00,11:00:00,00:30:00,Glowsun,Friday,The Valley
2006,14:00:00,14:30:00,00:30:00,Go It Alone,Sunday,Hard'n'heavy stage
2011,19:35:00,20:20:00,00:45:00,Goatsnake,Sunday,Terrorizer tent
2016,19:30:00,20:20:00,00:50:00,Goatsnake,Saturday,The Valley
2009,13:40:00,14:20:00,00:40:00,God Forbid,Friday,Mainstage 02
2009,23:55:00,00:55:00,01:00:00,God Seed,Friday,Rock Hard tent
2013,00:00:00,01:00:00,01:00:00,God Seed,Friday,The Temple
2014,21:50:00,22:50:00,01:00:00,Godflesh,Friday,The Valley
2010,22:00:00,23:00:00,01:00:00,Godflesh,Friday,Terrorizer tent
2015,15:50:00,16:30:00,00:40:00,Godsmack,Friday,Mainstage 02
2016,16:45:00,17:35:00,00:50:00,Gojira,Sunday,Mainstage 01
2006,17:50:00,18:30:00,00:40:00,Gojira,Sunday,Mainstage
2013,18:35:00,19:35:00,01:00:00,Gojira,Sunday,Mainstage 01
2009,20:50:00,21:50:00,01:00:00,Gojira,Saturday,Mainstage 01
2014,00:00:00,01:00:00,01:00:00,Gorgoroth,Saturday,The Temple
2014,18:45:00,19:40:00,00:55:00,Gorguts,Saturday,The Altar
2010,10:30:00,11:00:00,00:30:00,Gorod,Friday,Mainstage 02
2012,15:50:00,16:30:00,00:40:00,Gorod,Friday,The Altar
2012,18:20:00,19:20:00,01:00:00,Gotthard,Friday,Mainstage 01
2011,18:20:00,19:05:00,00:45:00,Grand Magus,Sunday,Terrorizer tent
2016,21:30:00,22:30:00,01:00:00,Grand Magus,Sunday,The Altar
2011,17:10:00,18:00:00,00:50:00,Grave,Sunday,Rock Hard tent
2015,16:35:00,17:25:00,00:50:00,Grave Pleasures (Beastmilk),Sunday,The Temple
2013,14:20:00,15:00:00,00:40:00,Graveyard,Sunday,The Valley
2015,11:05:00,11:35:00,00:30:00,Guida,Saturday,Mainstage 01
2012,23:30:00,02:00:00,02:30:00,Guns N' Roses,Saturday,Mainstage 01
2016,01:00:00,02:00:00,01:00:00,Gutterd„mmerung,Saturday,The Warzone
2007,15:00:00,15:30:00,00:30:00,Gutwormÿ,Saturday,Discover stage
2012,15:05:00,15:50:00,00:45:00,H2O,Sunday,The Warzone
2007,19:30:00,20:00:00,00:30:00,Hacride,Friday,Discover stage
2013,11:05:00,11:35:00,00:30:00,Haemorrhage,Sunday,The Altar
2008,18:00:00,18:40:00,00:40:00,Haemorrhage,Saturday,Discover stage
2011,13:50:00,14:35:00,00:45:00,Hail of Bullets,Saturday,Rock Hard tent
2014,16:55:00,17:45:00,00:50:00,Hail of Bullets,Friday,The Altar
2015,11:40:00,12:10:00,00:30:00,Haken,Saturday,Mainstage 02
2016,15:05:00,15:45:00,00:40:00,Halestorm,Friday,Mainstage 01
2012,11:40:00,12:10:00,00:30:00,Hamlet,Friday,Mainstage 02
2011,13:50:00,14:35:00,00:45:00,HammerFall,Saturday,Mainstage 01
2011,10:30:00,11:00:00,00:30:00,Hangman's Chair,Friday,Terrorizer tent
2016,11:40:00,12:10:00,00:30:00,Hangman's Chair,Saturday,The Valley
2012,00:45:00,02:00:00,01:15:00,Hank 3,Friday,The Valley
2006,13:00:00,13:30:00,00:30:00,Happyface,Friday,Hard'n'heavy stage
2013,13:35:00,14:15:00,00:40:00,Hardcore Superstar,Friday,Mainstage 01
2014,10:30:00,11:00:00,00:30:00,Hark,Saturday,The Valley
2016,12:15:00,12:45:00,00:30:00,Harm's Way,Friday,The Warzone
2013,12:50:00,13:30:00,00:40:00,Hate,Friday,The Temple
2009,23:55:00,00:55:00,01:00:00,Hatebreed,Sunday,Mainstage 02
2012,16:45:00,17:35:00,00:50:00,Hatebreed,Sunday,Mainstage 01
2014,19:45:00,20:40:00,00:55:00,Hatebreed,Saturday,Mainstage 02
2016,19:40:00,20:40:00,01:00:00,Hatebreed,Friday,Mainstage 02
2007,19:40:00,20:50:00,01:10:00,Hatebreed,Friday,Mainstage
2006,14:30:00,15:00:00,00:30:00,Hatesphere,Sunday,Mainstage
2016,15:50:00,16:40:00,00:50:00,Havok,Friday,The Altar
2015,11:05:00,11:35:00,00:30:00,Hawk Eye,Sunday,Mainstage 01
2011,23:30:00,00:30:00,01:00:00,Hawkwind,Sunday,Terrorizer tent
2011,10:00:00,10:30:00,00:30:00,Headcharger,Saturday,Mainstage 02
2013,14:20:00,15:00:00,00:40:00,Heathen,Friday,Mainstage 02
2009,22:50:00,23:50:00,01:00:00,Heaven and Hell,Friday,Mainstage 01
2009,16:40:00,17:20:00,00:40:00,Heaven Shall Burn,Saturday,Mainstage 02
2012,17:30:00,18:15:00,00:45:00,Heaven Shall Burn,Friday,Mainstage 02
2016,22:35:00,23:35:00,01:00:00,Heaven Shall Burn,Sunday,The Warzone
2007,14:00:00,14:30:00,00:30:00,Heavenly,Sunday,Mainstage
2013,12:15:00,12:45:00,00:30:00,Heaven's Basementÿ,Sunday,Mainstage 01
2016,11:05:00,11:35:00,00:30:00,Hegemon,Sunday,The Temple
2016,15:05:00,15:45:00,00:40:00,Heidevolk,Saturday,The Temple
2013,10:30:00,11:00:00,00:30:00,Hell Militia,Saturday,The Temple
2006,12:00:00,12:30:00,00:30:00,Hellmotel,Sunday,Hard'n'heavy stage
2006,20:10:00,20:55:00,00:45:00,Helloween,Saturday,Mainstage
2013,22:05:00,23:05:00,01:00:00,Helloween,Friday,Mainstage 02
2008,22:25:00,23:40:00,01:15:00,Helloween,Saturday,Mainstage
2013,16:00:00,16:40:00,00:40:00,Hellyeah,Friday,Mainstage 02
2011,14:40:00,15:20:00,00:40:00,Hemoragy,Saturday,Mainstage 02
2014,11:40:00,12:10:00,00:30:00,Herder,Saturday,The Valley
2016,21:20:00,22:10:00,00:50:00,Hermano,Saturday,The Valley
2015,17:30:00,18:20:00,00:50:00,High on Fire,Friday,The Valley
2015,15:05:00,15:45:00,00:40:00,Hollywood Undead,Sunday,Mainstage 01
2009,14:25:00,15:05:00,00:40:00,Holyhellÿ,Sunday,Mainstage 01
2007,15:00:00,15:30:00,00:30:00,Homestell,Sunday,Discover stage
2013,13:35:00,14:15:00,00:40:00,Hooded Menace,Friday,The Altar
2012,12:15:00,12:45:00,00:30:00,Hoods,Sunday,The Warzone
2012,11:40:00,12:10:00,00:30:00,Hour of Penanceÿ,Sunday,The Altar
2014,17:50:00,18:40:00,00:50:00,House of the Broken Promises,Sunday,The Valley
2015,10:30:00,11:00:00,00:30:00,Hypno5e,Sunday,The Altar
2010,18:05:00,18:55:00,00:50:00,Hypocrisy,Friday,Mainstage 02
2013,22:50:00,23:50:00,01:00:00,Hypocrisy,Sunday,The Altar
2008,16:40:00,17:25:00,00:45:00,Iced Earth,Saturday,Mainstage
2011,21:05:00,22:05:00,01:00:00,Iggy and the Stooges,Friday,Mainstage 01
2006,20:55:00,21:35:00,00:40:00,Ignite,Friday,Hard'n'heavy stage
2013,15:55:00,16:40:00,00:45:00,Ihsahn,Sunday,The Temple
2010,17:10:00,18:00:00,00:50:00,Ihsahn,Friday,Rock Hard tent
2012,19:40:00,20:40:00,01:00:00,Ihsahn,Sunday,The Temple
2009,20:00:00,20:45:00,00:45:00,Immolation,Saturday,Rock Hard tent
2007,23:00:00,00:00:00,01:00:00,Immortal,Saturday,Mainstage
2013,00:00:00,01:00:00,01:00:00,Immortal,Saturday,The Temple
2010,22:05:00,23:20:00,01:15:00,Immortal,Saturday,Mainstage 02
2008,00:00:00,00:40:00,00:40:00,Impaled Nazarene,Saturday,Discover stage
2014,17:50:00,18:40:00,00:50:00,Impaled Nazarene,Friday,The Temple
2014,12:50:00,13:30:00,00:40:00,Impiety,Friday,The Temple
2007,14:15:00,14:45:00,00:30:00,Imply in All,Friday,Discover stage
2011,10:55:00,11:25:00,00:30:00,Impureza,Sunday,Rock Hard tent
2007,13:30:00,14:00:00,00:30:00,Impureza,Sunday,Discover stage
2015,00:50:00,01:50:00,01:00:00,In Extremo,Sunday,The Temple
2012,22:10:00,23:25:00,01:15:00,In Extremo,Saturday,The Temple
2011,00:50:00,02:00:00,01:10:00,In Flames,Friday,Mainstage 02
2015,22:05:00,23:05:00,01:00:00,In Flames,Sunday,Mainstage 02
2008,22:25:00,23:40:00,01:15:00,In Flames,Friday,Mainstage
2011,12:30:00,13:00:00,00:30:00,In Solitude,Friday,Terrorizer tent
2014,12:50:00,13:30:00,00:40:00,In Solitude,Sunday,Mainstage 02
2014,15:10:00,15:55:00,00:45:00,Incantation,Saturday,The Altar
2010,19:00:00,20:00:00,01:00:00,Infectious Grooves,Friday,Mainstage 01
2015,13:35:00,14:15:00,00:40:00,Infestus,Saturday,The Temple
2013,12:50:00,13:30:00,00:40:00,Inquisition,Sunday,The Temple
2016,18:35:00,19:25:00,00:50:00,Inquisition,Friday,The Temple
2012,12:50:00,13:30:00,00:40:00,Insomnium,Sunday,The Altar
2016,17:40:00,18:30:00,00:50:00,Insomnium,Sunday,The Altar
2012,16:35:00,17:25:00,00:50:00,Integrity,Friday,The Warzone
2012,16:45:00,17:35:00,00:50:00,Integrity,Sunday,The Warzone
2007,17:15:00,17:45:00,00:30:00,Interlockÿ,Saturday,Discover stage
2014,00:05:00,01:00:00,00:55:00,Iron Maiden,Friday,Mainstage 01
2015,10:30:00,11:00:00,00:30:00,Iron Reagan,Sunday,Mainstage 02
2016,15:50:00,16:40:00,00:50:00,Jambinai,Friday,The Valley
2016,21:30:00,22:30:00,01:00:00,Jane's Addiction,Sunday,The Valley
2009,22:50:00,23:50:00,01:00:00,Jarboeÿ,Friday,Terrorizer tent
2010,01:00:00,02:00:00,01:00:00,Jello Biafra and the Guantanamo School of Medicine,Saturday,Terrorizer tent
2008,17:00:00,17:40:00,00:40:00,Job for a Cowboy,Friday,Discover stage
2016,18:35:00,19:25:00,00:50:00,Joe Satriani,Saturday,Mainstage 01
2010,23:30:00,00:30:00,01:00:00,John Garciaÿplays Kyuss,Sunday,Terrorizer tent
2015,23:10:00,00:40:00,01:30:00,Judas Priest,Friday,Mainstage 01
2011,21:00:00,22:25:00,01:25:00,Judas Priest,Sunday,Mainstage 01
2013,11:05:00,11:35:00,00:30:00,Justin(e),Saturday,The Warzone
2016,17:40:00,18:30:00,00:50:00,Kadavar,Sunday,The Valley
2014,17:50:00,18:40:00,00:50:00,Kadavar,Friday,The Valley
2007,16:30:00,17:00:00,00:30:00,Kaizen,Sunday,Discover stage
2010,11:05:00,11:35:00,00:30:00,Kalisia,Saturday,Rock Hard tent
2010,15:05:00,15:50:00,00:45:00,Kampfar,Friday,Rock Hard tent
2013,16:10:00,17:00:00,00:50:00,Kampfar,Saturday,The Temple
2016,16:45:00,17:35:00,00:50:00,Kampfar,Friday,The Temple
2013,18:00:00,18:50:00,00:50:00,Karma to Burn,Saturday,The Valley
2011,18:20:00,19:05:00,00:45:00,Karma to Burn,Friday,Terrorizer tent
2009,15:10:00,15:50:00,00:40:00,Kataklysm,Sunday,Rock Hard tent
2014,20:45:00,21:45:00,01:00:00,Kataklysm,Friday,The Altar
2010,17:00:00,17:50:00,00:50:00,Katatonia,Sunday,Rock Hard tent
2008,19:25:00,20:10:00,00:45:00,Katatonia,Friday,Second stage
2016,19:30:00,20:25:00,00:55:00,Katatonia,Sunday,The Altar
2009,13:40:00,14:20:00,00:40:00,Keep of Kalessin,Sunday,Rock Hard tent
2011,11:30:00,12:00:00,00:30:00,KEN modeÿ,Sunday,Terrorizer tent
2015,15:05:00,15:45:00,00:40:00,Khold,Sunday,The Temple
2007,16:40:00,17:10:00,00:30:00,Kickback,Saturday,Gibson stage
2009,20:50:00,21:50:00,01:00:00,Kickback,Saturday,Terrorizer tent
2014,11:05:00,11:35:00,00:30:00,Killers,Saturday,Mainstage 01
2009,23:55:00,00:55:00,01:00:00,Killing Joke,Saturday,Mainstage 02
2015,19:45:00,20:35:00,00:50:00,Killing Joke,Saturday,Mainstage 02
2016,18:35:00,19:25:00,00:50:00,Killswitch Engage,Friday,The Warzone
2012,00:45:00,02:00:00,01:15:00,King Diamond,Friday,Mainstage 02
2016,00:45:00,02:00:00,01:15:00,King Diamond,Sunday,Mainstage 02
2016,14:20:00,15:00:00,00:40:00,King Dude,Sunday,The Valley
2013,23:10:00,00:40:00,01:30:00,Kiss,Saturday,Mainstage 01
2010,23:00:00,01:00:00,02:00:00,Kiss,Sunday,Mainstage 01
2013,11:05:00,11:35:00,00:30:00,Kissin' Dynamite,Friday,Mainstage 01
2011,10:30:00,11:00:00,00:30:00,Klone,Friday,Mainstage 02
2007,18:45:00,19:15:00,00:30:00,Klone,Sunday,Discover stage
2010,15:05:00,15:50:00,00:45:00,KMFDM,Friday,Mainstage 01
2006,13:30:00,14:00:00,00:30:00,Knuckledust,Sunday,Mainstage
2010,12:10:00,12:40:00,00:30:00,Knuckledustÿ,Saturday,Terrorizer tent
2011,14:40:00,15:20:00,00:40:00,Knut,Sunday,Terrorizer tent
2006,17:20:00,17:50:00,00:30:00,Knut,Sunday,Hard'n'heavy stage
2015,23:10:00,00:25:00,01:15:00,Korn,Sunday,Mainstage 01
2016,01:00:00,02:00:00,01:00:00,Korn,Saturday,Mainstage 02
2012,11:05:00,11:50:00,00:45:00,Kobra and the Lotus,Saturday,Mainstage 01
2013,12:50:00,13:30:00,00:40:00,Koldbrann,Saturday,The Temple
2009,14:25:00,15:05:00,00:40:00,Koritni,Saturday,Mainstage 01
2012,15:15:00,16:00:00,00:45:00,Koritni,Saturday,Mainstage 01
2013,00:45:00,02:00:00,01:15:00,Korn,Saturday,Mainstage 02
2007,15:30:00,16:00:00,00:30:00,Korpiklaani,Saturday,Gibson stage
2013,17:40:00,18:30:00,00:50:00,Korpiklaani,Sunday,The Temple
2016,20:30:00,21:30:00,01:00:00,Korpiklaani,Friday,The Temple
2011,21:35:00,22:25:00,00:50:00,Korpiklaani,Sunday,Rock Hard tent
2007,18:30:00,19:10:00,00:40:00,Kreator,Sunday,Mainstage
2013,19:40:00,20:40:00,01:00:00,Kreator,Friday,Mainstage 02
2011,21:55:00,22:55:00,01:00:00,Kreator,Saturday,Mainstage 02
2013,12:15:00,12:45:00,00:30:00,Krisiun,Sunday,The Altar
2011,15:25:00,16:05:00,00:40:00,Krisiun,Friday,Rock Hard tent
2008,22:00:00,22:40:00,00:40:00,Krisiun,Friday,Discover stage
2013,13:35:00,14:15:00,00:40:00,Krokus,Saturday,Mainstage 01
2014,12:15:00,12:45:00,00:30:00,Kronos,Friday,The Altar
2011,13:30:00,14:10:00,00:40:00,Kruger,Friday,Terrorizer tent
2008,20:00:00,20:40:00,00:40:00,Kruger,Friday,Discover stage
2016,00:50:00,01:50:00,01:00:00,Kvelertak,Friday,The Warzone
2014,01:05:00,02:05:00,01:00:00,Kvelertak,Friday,The Warzone
2011,17:05:00,17:50:00,00:45:00,Kylesa,Sunday,Terrorizer tent
2009,19:05:00,19:55:00,00:50:00,Kylesa,Friday,Terrorizer tent
2014,19:45:00,20:40:00,00:55:00,Kylesa,Friday,The Valley
2011,01:00:00,02:00:00,01:00:00,KyussÿLivesÿ!,Sunday,Terrorizer tent
2015,17:40:00,18:30:00,00:50:00,L7,Saturday,Mainstage 02
2012,01:00:00,02:00:00,01:00:00,Lamb of God,Sunday,Mainstage 02
2007,16:00:00,16:40:00,00:40:00,Lamb of God,Friday,Mainstage
2015,22:05:00,23:05:00,01:00:00,Lamb of God,Friday,Mainstage 02
2011,12:05:00,12:45:00,00:40:00,Last Days of Humanity,Sunday,Rock Hard tent
2014,16:55:00,17:45:00,00:50:00,Last Resort,Sunday,The Warzone
2012,10:00:00,10:30:00,00:30:00,Lasting Values,Sunday,The Warzone
2013,13:35:00,14:15:00,00:40:00,Le Bal des Enrag‚s,Sunday,The Warzone
2016,14:20:00,15:00:00,00:40:00,Le Bal des Enrag‚s,Friday,Mainstage 02
2016,11:40:00,12:10:00,00:30:00,Lecherous Gaze,Sunday,The Valley
2006,19:40:00,20:10:00,00:30:00,Leewayÿ,Sunday,Hard'n'heavy stage
2008,12:40:00,13:10:00,00:30:00,Legion of the Damned,Saturday,Second stage
2015,12:50:00,13:30:00,00:40:00,Leng Tch'e,Friday,The Altar
2013,10:30:00,11:00:00,00:30:00,Leprous,Sunday,The Temple
2016,12:15:00,12:45:00,00:30:00,Les Sales Majest‚s,Saturday,The Warzone
2012,10:30:00,11:00:00,00:30:00,L'Esprit du clan,Sunday,Mainstage 02
2014,12:15:00,12:45:00,00:30:00,Lez Zeppelin,Saturday,Mainstage 01
2015,19:30:00,20:20:00,00:50:00,Life of Agony,Sunday,The Valley
2015,20:45:00,22:00:00,01:15:00,Limp Bizkit,Sunday,Mainstage 01
2015,11:05:00,11:35:00,00:30:00,Lion's Law,Friday,The Warzone
2012,12:50:00,13:30:00,00:40:00,Liturgyÿ,Sunday,The Temple
2012,13:35:00,14:15:00,00:40:00,Lizzy Borden,Friday,Mainstage 01
2012,19:30:00,20:20:00,00:50:00,Lock Up,Sunday,The Altar
2006,11:30:00,12:00:00,00:30:00,Locus,Friday,Mainstage
2014,12:15:00,12:45:00,00:30:00,Lofofora,Sunday,Mainstage 01
2013,22:05:00,23:05:00,01:00:00,Lordi,Sunday,Mainstage 02
2015,11:40:00,12:10:00,00:30:00,Lost Society,Sunday,Mainstage 02
2014,15:10:00,15:55:00,00:45:00,Loudblast,Friday,The Altar
2010,19:00:00,20:00:00,01:00:00,Loudblast,Friday,Rock Hard tent
2016,12:15:00,12:45:00,00:30:00,Loudness,Saturday,Mainstage 01
2014,14:20:00,15:05:00,00:45:00,Lowrider,Sunday,The Valley
2016,22:15:00,23:10:00,00:55:00,Ludwig von 88,Saturday,The Warzone
2012,20:30:00,22:00:00,01:30:00,Lynyrd Skynyrd,Friday,Mainstage 01
2011,10:35:00,11:05:00,00:30:00,Lyzanxia,Saturday,Mainstage 02
2007,14:30:00,15:00:00,00:30:00,Lyzanxia,Friday,Gibson stage
2014,16:00:00,16:50:00,00:50:00,M.O.D.,Friday,Mainstage 02
2015,10:30:00,11:00:00,00:30:00,Machete,Saturday,The Valley
2007,21:20:00,22:20:00,01:00:00,Machine Head,Friday,Mainstage
2012,22:10:00,23:25:00,01:15:00,Machine Head,Saturday,Mainstage 02
2009,22:50:00,23:50:00,01:00:00,Machine Head,Saturday,Mainstage 01
2009,13:40:00,14:20:00,00:40:00,Mad Sin,Saturday,Mainstage 02
2006,15:30:00,16:10:00,00:40:00,Mad Sin,Sunday,Mainstage
2014,18:45:00,19:40:00,00:55:00,Mad Sin,Sunday,The Warzone
2008,15:50:00,16:30:00,00:40:00,Madball,Friday,Second stage
2012,20:45:00,22:00:00,01:15:00,Madball,Sunday,The Warzone
2006,21:35:00,22:20:00,00:45:00,Madball,Sunday,Mainstage
2015,22:05:00,23:00:00,00:55:00,Madball,Saturday,The Warzone
2016,21:35:00,22:35:00,01:00:00,Magma,Friday,The Valley
2010,12:10:00,12:40:00,00:30:00,Magrudergrindÿ,Friday,Terrorizer tent
2011,12:15:00,12:55:00,00:40:00,Malevolent Creation,Friday,Rock Hard tent
2007,13:30:00,14:00:00,00:30:00,Manigance,Sunday,Gibson stage
2013,21:50:00,22:50:00,01:00:00,Manilla Road,Saturday,The Valley
2009,01:00:00,02:00:00,01:00:00,Manowar,Sunday,Mainstage 01
2016,14:20:00,15:00:00,00:40:00,Mantar,Saturday,The Valley
2010,01:00:00,02:00:00,01:00:00,Marduk,Friday,Rock Hard tent
2013,21:45:00,22:45:00,01:00:00,Marduk,Sunday,The Temple
2008,23:00:00,23:40:00,00:40:00,Marduk,Friday,Discover stage
2009,01:00:00,02:00:00,01:00:00,Marilyn Manson,Saturday,Mainstage 01
2015,01:00:00,02:05:00,01:05:00,Marilyn Manson,Saturday,Mainstage 02
2014,10:30:00,11:00:00,00:30:00,Mars Red Sky,Friday,The Valley
2010,13:35:00,14:15:00,00:40:00,Mass Hysteria,Friday,Mainstage 01
2016,15:50:00,16:30:00,00:40:00,Mass Hysteria,Friday,Mainstage 02
2013,15:55:00,16:40:00,00:45:00,Mass Hysteria,Sunday,Mainstage 02
2007,18:30:00,19:10:00,00:40:00,Mastodon,Friday,Mainstage
2009,20:00:00,20:45:00,00:45:00,Mastodon,Sunday,Mainstage 02
2015,21:35:00,22:35:00,01:00:00,Mastodon,Friday,The Valley
2011,16:20:00,17:10:00,00:50:00,Maximum the Hormone,Friday,Mainstage 02
2011,01:00:00,02:00:00,01:00:00,Mayhem,Friday,Rock Hard tent
2008,17:35:00,18:15:00,00:40:00,Mayhem,Friday,Second stage
2015,22:05:00,23:00:00,00:55:00,Mayhem,Saturday,The Temple
2012,23:10:00,00:40:00,01:30:00,Megadeth,Friday,Mainstage 01
2016,20:45:00,22:00:00,01:15:00,Megadeth,Sunday,Mainstage 01
2007,21:20:00,22:20:00,01:00:00,Megadeth,Sunday,Mainstage
2011,13:05:00,13:45:00,00:40:00,Mekong Delta,Saturday,Mainstage 02
2015,16:35:00,17:25:00,00:50:00,Melechesh,Friday,The Temple
2011,23:30:00,00:30:00,01:00:00,Melvins,Friday,Terrorizer tent
2016,19:30:00,20:25:00,00:55:00,Melvins,Friday,The Valley
2015,15:05:00,15:45:00,00:40:00,Merauder,Saturday,The Warzone
2014,11:05:00,11:35:00,00:30:00,Mercyless,Saturday,The Altar
2012,10:30:00,11:00:00,00:30:00,Merrimack,Friday,The Temple
2015,23:45:00,00:45:00,01:00:00,Meshuggah,Friday,The Altar
2008,16:40:00,17:25:00,00:45:00,Meshuggah,Sunday,Mainstage
2011,20:10:00,21:00:00,00:50:00,Meshuggah,Friday,Mainstage 02
2016,16:45:00,17:35:00,00:50:00,Mg?a,Sunday,The Temple
2015,11:40:00,12:10:00,00:30:00,Midnight Ghost Train,Friday,The Valley
2014,01:05:00,02:05:00,01:00:00,Millencolin,Saturday,The Warzone
2008,23:50:00,00:50:00,01:00:00,Ministry,Saturday,Second stage
2008,12:00:00,12:30:00,00:30:00,Misanthrope,Sunday,Mainstage
2013,12:15:00,12:45:00,00:30:00,Misanthrope,Friday,The Altar
2014,15:10:00,15:55:00,00:45:00,Misconduct,Saturday,The Warzone
2007,16:40:00,17:10:00,00:30:00,Misery Index,Friday,Gibson stage
2009,16:40:00,17:20:00,00:40:00,Misery Index,Friday,Rock Hard tent
2013,16:45:00,17:35:00,00:50:00,Misery Index,Sunday,The Altar
2014,20:45:00,21:45:00,01:00:00,Misfits,Sunday,The Warzone
2009,21:55:00,22:45:00,00:50:00,Misfits,Saturday,Mainstage 02
2014,12:50:00,13:30:00,00:40:00,Miss May I,Saturday,Mainstage 02
2007,18:00:00,18:30:00,00:30:00,Mistaken Element,Saturday,Discover stage
2007,15:45:00,16:15:00,00:30:00,Moho,Sunday,Discover stage
2012,15:05:00,15:45:00,00:40:00,Molly Hatchet,Friday,Mainstage 01
2015,12:50:00,13:30:00,00:40:00,Monarch!,Saturday,The Valley
2010,18:20:00,19:00:00,00:40:00,Mondo Generator,Sunday,Terrorizer tent
2012,14:20:00,15:00:00,00:40:00,Monkey 3,Sunday,The Valley
2010,18:20:00,19:00:00,00:40:00,Monkey 3,Friday,Terrorizer tent
2016,10:30:00,11:00:00,00:30:00,Monolord,Friday,The Valley
2011,01:00:00,02:00:00,01:00:00,Monster Magnet,Friday,Terrorizer tent
2014,21:50:00,22:50:00,01:00:00,Monster Magnet,Saturday,The Valley
2013,13:35:00,14:15:00,00:40:00,Monstrosity,Saturday,The Altar
2016,11:05:00,11:35:00,00:30:00,Moonreich,Friday,The Temple
2009,18:15:00,19:00:00,00:45:00,Moonsorrow,Saturday,Rock Hard tent
2012,19:25:00,20:25:00,01:00:00,Moonsorrow,Friday,The Temple
2016,20:25:00,21:15:00,00:50:00,Moonsorrow,Saturday,The Temple
2013,20:40:00,21:40:00,01:00:00,Moonspell,Sunday,The Altar
2009,21:55:00,22:45:00,00:50:00,Moonspell,Sunday,Rock Hard tent
2007,22:20:00,23:00:00,00:40:00,Moonspell,Saturday,Gibson stage
2008,23:50:00,00:50:00,01:00:00,Morbid Angel,Sunday,Second stage
2013,01:05:00,02:05:00,01:00:00,Morbid Angel,Saturday,The Altar
2011,22:10:00,23:10:00,01:00:00,Morbid Angel,Friday,Mainstage 02
2015,17:30:00,18:20:00,00:50:00,Morgoth,Sunday,The Altar
2011,19:10:00,20:00:00,00:50:00,Morgoth,Sunday,Rock Hard tent
2011,10:30:00,11:00:00,00:30:00,Morne,Sunday,Terrorizer tent
2014,12:50:00,13:30:00,00:40:00,Mos Generator,Saturday,The Valley
2006,16:10:00,16:40:00,00:30:00,Most Precious Blood,Saturday,Hard'n'heavy stage
2015,12:50:00,13:30:00,00:40:00,Motionless in White,Saturday,Mainstage 02
2009,01:00:00,02:00:00,01:00:00,M”tley Cre,Friday,Mainstage 01
2012,20:45:00,22:00:00,01:15:00,M”tley Cre,Sunday,Mainstage 01
2015,18:35:00,19:35:00,01:00:00,Mot”rhead,Friday,Mainstage 01
2010,20:50:00,21:50:00,01:00:00,Mot”rhead,Sunday,Mainstage 01
2008,22:25:00,23:40:00,01:15:00,Mot”rhead,Sunday,Mainstage
2006,00:30:00,???,check,Mot”rhead,Saturday,Mainstage
2011,19:00:00,20:00:00,01:00:00,Mr. Big,Sunday,Mainstage 01
2007,13:30:00,14:00:00,00:30:00,Mumakil,Friday,Gibson stage
2016,12:15:00,12:45:00,00:30:00,Municipal Waste,Sunday,Mainstage 01
2008,12:40:00,13:10:00,00:30:00,Municipal Waste,Sunday,Second stage
2011,16:15:00,17:00:00,00:45:00,Municipal Waste,Saturday,Mainstage 02
2006,11:00:00,11:30:00,00:30:00,Murdum,Saturday,Hard'n'heavy stage
2013,13:35:00,14:15:00,00:40:00,Mustasch,Sunday,Mainstage 01
2015,16:35:00,17:20:00,00:45:00,Mtiilation,Saturday,The Temple
2008,19:25:00,20:10:00,00:45:00,My Dying Bride,Sunday,Second stage
2013,20:45:00,21:45:00,01:00:00,My Dying Bride,Saturday,The Altar
2010,22:20:00,23:20:00,01:00:00,My Dying Bride,Saturday,Rock Hard tent
2011,11:30:00,12:00:00,00:30:00,My Sleeping Karma,Friday,Terrorizer tent
2013,12:50:00,13:30:00,00:40:00,My Sleeping Karma,Sunday,The Valley
2016,12:15:00,12:45:00,00:30:00,Myrkur,Saturday,The Temple
2016,23:15:00,00:15:00,01:00:00,Napalm Death,Saturday,The Altar
2013,01:00:00,02:00:00,01:00:00,Napalm Death,Sunday,The Altar
2009,18:15:00,19:00:00,00:45:00,Napalm Death,Sunday,Rock Hard tent
2007,20:40:00,21:20:00,00:40:00,Napalm Death,Saturday,Gibson stage
2012,21:45:00,22:45:00,01:00:00,Napalm Death,Saturday,The Altar
2016,12:50:00,13:30:00,00:40:00,Nashville Pussy,Friday,Mainstage 02
2009,15:55:00,16:35:00,00:40:00,Nashville Pussy,Friday,Mainstage 01
2011,11:30:00,12:00:00,00:30:00,Nasty,Saturday,Terrorizer tent
2014,13:35:00,14:15:00,00:40:00,Nasty,Friday,The Warzone
2012,19:25:00,20:25:00,01:00:00,Nasum,Friday,The Altar
2015,14:20:00,15:00:00,00:40:00,Ne Obliviscaris,Sunday,The Altar
2014,10:30:00,11:00:00,00:30:00,Necroblood,Friday,The Temple
2012,16:05:00,16:55:00,00:50:00,Necrophagia,Saturday,The Altar
2010,13:35:00,14:15:00,00:40:00,Necrophagist,Friday,Rock Hard tent
2008,20:00:00,20:40:00,00:40:00,Necrophagist,Sunday,Discover stage
2012,12:50:00,13:30:00,00:40:00,Necros Christos,Saturday,The Temple
2015,10:30:00,11:00:00,00:30:00,Necrowretch,Friday,The Altar
2014,10:30:00,11:00:00,00:30:00,Nefarium,Saturday,The Temple
2013,15:05:00,15:55:00,00:50:00,Negative Approach,Friday,The Warzone
2010,13:50:00,14:30:00,00:40:00,Negur? Bunget,Friday,Terrorizer tent
2007,00:00:00,01:00:00,01:00:00,Neurosis,Sunday,Gibson stage
2013,00:00:00,01:15:00,01:15:00,Neurosis,Friday,The Valley
2010,17:55:00,18:45:00,00:50:00,Nevermore,Saturday,Mainstage 02
2013,16:45:00,17:35:00,00:50:00,Newsted,Sunday,Mainstage 01
2015,11:05:00,11:35:00,00:30:00,Nidingr,Sunday,The Temple
2014,11:05:00,11:35:00,00:30:00,Nightmare,Friday,Mainstage 01
2006,14:30:00,15:00:00,00:30:00,Nightmare,Saturday,Mainstage
2008,16:00:00,16:40:00,00:40:00,Nightmare,Saturday,Discover stage
2015,00:30:00,01:45:00,01:15:00,Nightwish,Sunday,Mainstage 02
2016,11:40:00,12:10:00,00:30:00,Nigthmare,Sunday,Mainstage 02
2006,20:55:00,21:35:00,00:40:00,Nile,Sunday,Hard'n'heavy stage
2010,20:50:00,21:50:00,01:00:00,Nile,Sunday,Rock Hard tent
2014,22:55:00,23:55:00,01:00:00,Nile,Saturday,The Altar
2016,15:05:00,15:45:00,00:40:00,No One is Innocent,Sunday,Mainstage 01
2015,11:40:00,12:10:00,00:30:00,No Return,Friday,Mainstage 02
2014,18:45:00,19:40:00,00:55:00,Nocturnus AD,Friday,The Altar
2008,20:15:00,21:15:00,01:00:00,NOFX,Sunday,Mainstage
2015,22:40:00,23:40:00,01:00:00,NOFX,Sunday,The Warzone
2013,22:55:00,23:55:00,01:00:00,NOFX,Saturday,The Warzone
2015,17:40:00,18:30:00,00:50:00,Nuclear Assault,Sunday,Mainstage 02
2012,23:35:00,00:35:00,01:00:00,Obituary,Friday,The Altar
2015,23:35:00,00:35:00,01:00:00,Obituary,Saturday,The Altar
2008,17:35:00,18:15:00,00:40:00,Obituary,Sunday,Second stage
2006,23:00:00,23:45:00,00:45:00,Obituary,Sunday,Mainstage
2014,12:15:00,12:45:00,00:30:00,Obliteration,Sunday,The Altar
2010,12:15:00,12:55:00,00:40:00,Obscura,Saturday,Rock Hard tent
2012,13:35:00,14:15:00,00:40:00,October File,Saturday,The Warzone
2014,11:40:00,12:10:00,00:30:00,Of Mice and Men,Saturday,Mainstage 02
2015,13:35:00,14:15:00,00:40:00,Off!,Sunday,The Warzone
2010,10:30:00,11:00:00,00:30:00,Omega Massif,Sunday,Terrorizer tent
2015,15:50:00,16:30:00,00:40:00,Onslaught,Saturday,The Altar
2006,23:45:00,00:30:00,00:45:00,Opeth,Friday,Hard'n'heavy stage
2011,01:00:00,02:00:00,01:00:00,Opeth,Sunday,Mainstage 02
2014,01:05:00,02:05:00,01:00:00,Opeth,Sunday,The Altar
2008,18:25:00,19:15:00,00:50:00,Opeth,Sunday,Mainstage
2015,21:35:00,00:35:00,03:00:00,Orange Goblin,Saturday,The Valley
2009,17:25:00,18:10:00,00:45:00,Orange Goblin,Sunday,Terrorizer tent
2012,19:25:00,20:25:00,01:00:00,Orange Goblin,Friday,The Valley
2012,11:40:00,12:10:00,00:30:00,Oranssi Pazuzu,Saturday,The Temple
2015,15:50:00,16:30:00,00:40:00,Orchid,Friday,The Valley
2008,16:00:00,16:40:00,00:40:00,Origin,Sunday,Discover stage
2016,12:50:00,13:30:00,00:40:00,Orphaned Land,Sunday,Mainstage 02
2011,14:30:00,15:10:00,00:40:00,Orphaned Land,Sunday,Mainstage 02
2006,16:40:00,17:20:00,00:40:00,Orphaned Land,Friday,Mainstage
2007,19:30:00,20:00:00,00:30:00,Orthodox,Sunday,Discover stage
2010,11:05:00,11:35:00,00:30:00,Otargos,Friday,Rock Hard tent
2016,11:05:00,11:35:00,00:30:00,Otargos,Saturday,The Temple
2016,21:35:00,22:35:00,01:00:00,Overkill,Friday,The Altar
2011,23:25:00,00:55:00,01:30:00,Ozzy Osbourne,Sunday,Mainstage 01
2012,23:10:00,00:55:00,01:45:00,Ozzy Osbourne,Sunday,Mainstage 01
2013,12:50:00,13:30:00,00:40:00,P.O.D.,Saturday,Mainstage 02
2009,15:10:00,15:50:00,00:40:00,Pain,Saturday,Mainstage 02
2009,15:10:00,15:50:00,00:40:00,Pain of Salvation,Sunday,Mainstage 02
2011,16:10:00,16:55:00,00:45:00,Pain of Salvation,Sunday,Mainstage 02
2007,19:40:00,20:50:00,01:10:00,Pain of Salvation,Saturday,Mainstage
2013,17:40:00,18:30:00,00:50:00,Pallbearer,Friday,The Valley
2006,16:10:00,16:40:00,00:30:00,Panikÿ/ÿGuns Up,Sunday,Hard'n'heavy stage
2009,19:05:00,19:55:00,00:50:00,Papa Roach,Friday,Mainstage 01
2013,20:00:00,20:50:00,00:50:00,Papa Roach,Saturday,Mainstage 02
2016,23:40:00,00:40:00,01:00:00,Paradise Lost,Sunday,The Altar
2008,16:40:00,17:25:00,00:45:00,Paradise Lost,Friday,Mainstage
2014,22:55:00,23:55:00,01:00:00,Paradise Lost,Sunday,The Altar
2009,01:00:00,02:00:00,01:00:00,Parkway Drive,Friday,Terrorizer tent
2013,16:10:00,17:00:00,00:50:00,Parkway Drive,Saturday,Mainstage 02
2012,19:40:00,20:40:00,01:00:00,Pentagram,Sunday,The Valley
2009,16:40:00,17:20:00,00:40:00,Pestilence,Sunday,Rock Hard tent
2015,20:30:00,21:30:00,01:00:00,Peter and the Test Tube Babies,Friday,The Warzone
2014,00:00:00,01:00:00,01:00:00,Phil Anselmo And The Illegals,Saturday,The Valley
2013,13:35:00,14:15:00,00:40:00,Pig Destroyer,Sunday,The Altar
2009,20:50:00,21:50:00,01:00:00,Pig Destroyer,Friday,Terrorizer tent
2008,18:25:00,19:15:00,00:50:00,Porcupine Tree,Saturday,Mainstage
2011,23:15:00,00:15:00,01:00:00,Possessed,Friday,Rock Hard tent
2016,13:35:00,14:15:00,00:40:00,Power Trip,Sunday,The Warzone
2014,15:10:00,15:55:00,00:45:00,Powerman 5000,Friday,Mainstage 01
2014,14:20:00,15:05:00,00:45:00,Powerwolf,Sunday,Mainstage 02
2010,15:15:00,16:00:00,00:45:00,Pretty Maids,Saturday,Mainstage 01
2007,17:15:00,17:45:00,00:30:00,Primal Age,Sunday,Discover stage
2010,13:45:00,14:25:00,00:40:00,Primal Fear,Sunday,Mainstage 01
2008,17:00:00,17:40:00,00:40:00,Primordial,Sunday,Discover stage
2011,17:15:00,18:05:00,00:50:00,Primordial,Friday,Rock Hard tent
2013,19:40:00,20:40:00,01:00:00,Primordial,Friday,The Temple
2016,22:15:00,23:10:00,00:55:00,Primordial,Saturday,The Temple
2013,12:50:00,13:30:00,00:40:00,Procession,Saturday,The Valley
2013,12:50:00,13:30:00,00:40:00,Prong,Sunday,Mainstage 02
2014,20:45:00,21:45:00,01:00:00,Pro-Pain,Friday,The Warzone
2006,11:30:00,12:00:00,00:30:00,Prostitute Disfigurement,Sunday,Mainstage
2015,12:50:00,13:30:00,00:40:00,Prostitute Disfigurement,Saturday,The Altar
2014,18:45:00,19:40:00,00:55:00,Protest the Hero,Saturday,The Warzone
2015,11:05:00,11:35:00,00:30:00,Providence,Saturday,The Warzone
2008,23:00:00,23:40:00,00:40:00,Punish Yourself,Saturday,Discover stage
2013,22:50:00,23:50:00,01:00:00,Punish Yourself,Sunday,The Warzone
2016,23:40:00,00:40:00,01:00:00,Puscifer,Sunday,The Valley
2009,19:05:00,19:55:00,00:50:00,Queensr˜che,Sunday,Mainstage 01
2008,13:20:00,13:50:00,00:30:00,Raintime,Friday,Discover stage
2006,15:30:00,16:10:00,00:40:00,Raised Fist,Saturday,Mainstage
2016,14:20:00,15:00:00,00:40:00,Ramesses,Friday,The Valley
2016,23:10:00,00:40:00,01:30:00,Rammstein,Friday,Mainstage 01
2015,16:35:00,17:25:00,00:50:00,Ramoneurs de Menhirs,Sunday,The Warzone
2016,16:45:00,17:35:00,00:50:00,Ratos de PorÆo,Sunday,The Warzone
2010,14:30:00,15:10:00,00:40:00,Raven,Saturday,Mainstage 02
2016,11:05:00,11:35:00,00:30:00,RavenEye,Sunday,Mainstage 01
2011,14:40:00,15:20:00,00:40:00,Raw Power,Saturday,Terrorizer tent
2011,12:30:00,13:00:00,00:30:00,Red Fang,Sunday,Terrorizer tent
2015,13:35:00,14:15:00,00:40:00,Red Fang,Sunday,Mainstage 01
2013,19:50:00,20:40:00,00:50:00,Red Fang,Saturday,The Valley
2008,12:30:00,13:00:00,00:30:00,Red Mourningÿ(Concours Hard Rock),Friday,Discover stage
2016,00:45:00,01:45:00,01:00:00,Refused,Sunday,The Warzone
2012,23:30:00,02:00:00,02:30:00,Refused,Saturday,The Warzone
2013,10:30:00,11:00:00,00:30:00,Regarde les hommes tomber,Saturday,The Valley
2014,15:10:00,15:55:00,00:45:00,Repulsion,Sunday,The Altar
2009,21:55:00,22:45:00,00:50:00,Repulsion,Friday,Rock Hard tent
2013,12:15:00,12:45:00,00:30:00,Retox,Saturday,The Warzone
2006,15:00:00,15:30:00,00:30:00,Ringworm,Saturday,Hard'n'heavy stage
2006,15:00:00,15:30:00,00:30:00,Rise And Fall,Friday,Hard'n'heavy stage
2015,16:35:00,17:20:00,00:45:00,Rise of the Northstar,Saturday,The Warzone
2016,19:30:00,20:25:00,00:55:00,Rival Sons,Sunday,The Valley
2013,14:20:00,15:00:00,00:40:00,Riverside,Sunday,Mainstage 02
2011,23:15:00,00:20:00,01:05:00,Rob Zombie,Friday,Mainstage 01
2014,20:55:00,22:55:00,02:00:00,Rob Zombie,Friday,Mainstage 01
2012,11:40:00,12:10:00,00:30:00,Rompeprop,Saturday,The Altar
2008,15:00:00,15:40:00,00:40:00,Rose Tattoo,Sunday,Mainstage
2008,19:00:00,19:40:00,00:40:00,Rotten Sound,Sunday,Discover stage
2013,18:00:00,18:50:00,00:50:00,Rotting Christ,Saturday,The Temple
2008,19:00:00,19:40:00,00:40:00,Rotting Christ,Friday,Discover stage
2014,16:00:00,16:50:00,00:50:00,Royal Thunder,Friday,The Valley
2014,12:50:00,13:30:00,00:40:00,Ruins of Beverast,Sunday,The Temple
2015,14:20:00,15:00:00,00:40:00,Russian Circles,Sunday,The Valley
2010,16:00:00,16:40:00,00:40:00,Rwakeÿ,Sunday,Terrorizer tent
2011,12:05:00,12:45:00,00:40:00,S.U.P.,Sunday,Mainstage 01
2010,11:40:00,12:10:00,00:30:00,Sabaton,Sunday,Mainstage 02
2014,18:45:00,19:45:00,01:00:00,Sabaton,Friday,Mainstage 01
2009,23:55:00,00:55:00,01:00:00,Sacred Reich,Saturday,Rock Hard tent
2012,16:05:00,16:55:00,00:50:00,Sacred Reich,Saturday,Mainstage 02
2016,19:30:00,20:25:00,00:55:00,Sacred Reich,Friday,The Altar
2016,14:20:00,15:00:00,00:40:00,Sadist,Friday,The Altar
2010,17:00:00,17:50:00,00:50:00,Sadist,Saturday,Rock Hard tent
2009,23:55:00,00:55:00,01:00:00,Saint Vitus,Friday,Mainstage 02
2015,21:35:00,22:35:00,01:00:00,Saint Vitus,Sunday,The Valley
2012,22:10:00,23:25:00,01:15:00,Saint Vitus,Saturday,The Valley
2007,13:30:00,14:00:00,00:30:00,Salem,Saturday,Gibson stage
2009,18:15:00,19:00:00,00:45:00,Samael,Friday,Rock Hard tent
2015,20:30:00,21:30:00,01:00:00,Samael,Sunday,The Temple
2015,12:50:00,13:30:00,00:40:00,Samsara Blues Experiment,Friday,The Valley
2014,13:35:00,14:15:00,00:40:00,Satan,Friday,Mainstage 01
2009,12:55:00,13:35:00,00:40:00,Satan Jokers,Sunday,Mainstage 01
2014,11:40:00,12:10:00,00:30:00,Satan's Satyrs,Sunday,The Valley
2008,15:50:00,16:30:00,00:40:00,Satyricon,Saturday,Second stage
2006,19:00:00,19:40:00,00:40:00,Satyricon,Saturday,Mainstage
2012,22:05:00,23:05:00,01:00:00,Satyricon,Friday,The Temple
2015,22:40:00,23:40:00,01:00:00,Satyricon,Friday,The Temple
2010,13:00:00,13:30:00,00:30:00,Savioursÿ,Sunday,Terrorizer tent
2013,15:05:00,15:55:00,00:50:00,Saxon,Friday,Mainstage 01
2010,17:00:00,17:50:00,00:50:00,Saxon,Sunday,Mainstage 01
2006,23:00:00,23:45:00,00:45:00,Saxon,Saturday,Mainstage
2007,15:30:00,16:00:00,00:30:00,Scarve,Sunday,Gibson stage
2014,16:55:00,17:45:00,00:50:00,Schirenc plays Pungent Stench,Saturday,The Altar
2014,11:40:00,12:10:00,00:30:00,Scorpion Child,Sunday,Mainstage 02
2011,23:00:00,00:55:00,01:55:00,Scorpions,Saturday,Mainstage 01
2015,23:25:00,00:55:00,01:30:00,Scorpions,Saturday,Mainstage 01
2012,18:50:00,19:40:00,00:50:00,Sebastian Bach,Saturday,Mainstage 01
2010,16:00:00,16:40:00,00:40:00,Secret of the Moon,Friday,Terrorizer tent
2007,15:30:00,16:00:00,00:30:00,Secrets of the Moonÿ,Friday,Gibson stage
2014,15:10:00,15:55:00,00:45:00,Seether,Sunday,Mainstage 01
2013,15:05:00,15:50:00,00:45:00,Senser,Sunday,The Warzone
2014,01:05:00,02:05:00,01:00:00,Septic Flesh,Friday,The Altar
2008,16:00:00,16:40:00,00:40:00,Septic Flesh,Friday,Discover stage
2011,21:00:00,21:50:00,00:50:00,Septic Flesh,Saturday,Rock Hard tent
2014,19:50:00,20:40:00,00:50:00,Sepultura,Friday,Mainstage 02
2010,21:10:00,22:25:00,01:15:00,Sepultura,Friday,Mainstage 01
2013,14:20:00,15:00:00,00:40:00,Seth,Sunday,The Temple
2011,12:20:00,13:00:00,00:40:00,Severe Torture,Saturday,Rock Hard tent
2011,15:50:00,16:50:00,01:00:00,Shai Hulud,Saturday,Terrorizer tent
2008,22:00:00,22:40:00,00:40:00,Shai Hulud,Sunday,Discover stage
2015,14:20:00,15:00:00,00:40:00,Shape of Despair,Friday,The Altar
2016,13:35:00,14:15:00,00:40:00,Shinedown,Friday,Mainstage 01
2015,00:50:00,01:50:00,01:00:00,Shining,Friday,The Temple
2014,17:50:00,18:40:00,00:50:00,Shining,Saturday,The Temple
2012,17:55:00,18:45:00,00:50:00,Shining,Saturday,The Temple
2008,21:00:00,21:40:00,00:40:00,Shining,Saturday,Discover stage
2013,01:05:00,02:05:00,01:00:00,Sick of It All,Friday,The Warzone
2016,17:40:00,18:30:00,00:50:00,Sick of it All,Saturday,Mainstage 02
2008,18:25:00,19:15:00,00:50:00,Sick of It All,Friday,Mainstage
2010,20:05:00,21:05:00,01:00:00,Sick of It All,Friday,Mainstage 02
2010,13:00:00,13:30:00,00:30:00,Sigh,Friday,Terrorizer tent
2013,17:05:00,17:55:00,00:50:00,Sinisterÿ,Saturday,The Altar
2013,01:05:00,02:05:00,01:00:00,Six Feet Under,Friday,The Altar
2016,15:05:00,15:55:00,00:50:00,Sixx:A.M.,Saturday,Mainstage 01
2016,13:35:00,14:15:00,00:40:00,Sk lm”ld,Sunday,The Temple
2016,12:50:00,13:30:00,00:40:00,Skeletal Remains,Friday,The Altar
2014,13:35:00,14:15:00,00:40:00,Skid Row,Saturday,Mainstage 01
2009,15:10:00,15:50:00,00:40:00,Skinless,Saturday,Rock Hard tent
2015,21:10:00,23:55:00,02:45:00,Skinless,Saturday,The Altar
2014,16:00:00,16:50:00,00:50:00,Skyclad,Saturday,The Temple
2015,15:05:00,15:45:00,00:40:00,Skyforger,Friday,The Temple
2011,17:05:00,17:55:00,00:50:00,Skyforger,Saturday,Rock Hard tent
2014,16:55:00,17:45:00,00:50:00,Slapshot,Friday,The Warzone
2015,18:40:00,19:40:00,01:00:00,Slash,Saturday,Mainstage 01
2010,18:50:00,19:50:00,01:00:00,Slash,Saturday,Mainstage 01
2012,22:05:00,23:05:00,01:00:00,Slash,Sunday,Mainstage 02
2007,23:00:00,00:00:00,01:00:00,Slayer,Friday,Mainstage
2014,23:05:00,00:00:00,00:55:00,Slayer,Friday,Mainstage 02
2008,01:00:00,02:00:00,01:00:00,Slayer,Sunday,Mainstage
2016,18:35:00,19:35:00,01:00:00,Slayer,Sunday,Mainstage 01
2010,21:55:00,22:55:00,01:00:00,Slayer,Sunday,Mainstage 02
2013,21:50:00,22:50:00,01:00:00,Sleep,Friday,The Valley
2015,00:45:00,02:00:00,01:15:00,Slipknot,Friday,Mainstage 02
2007,15:45:00,16:15:00,00:30:00,Slit,Saturday,Discover stage
2006,11:00:00,11:30:00,00:30:00,Sna-fu aka (Grand D‚sordre Orchestre),Sunday,Hard'n'heavy stage
2015,15:05:00,15:45:00,00:40:00,Snot,Sunday,The Warzone
2008,14:10:00,14:50:00,00:40:00,Sodom,Saturday,Second stage
2015,17:40:00,18:30:00,00:50:00,Sodom,Friday,Mainstage 02
2011,19:55:00,20:45:00,00:50:00,Sodom,Saturday,Mainstage 02
2009,15:55:00,16:35:00,00:40:00,Soilent Green,Friday,Terrorizer tent
2014,20:40:00,21:35:00,00:55:00,Soilwork,Sunday,The Altar
2010,11:20:00,11:50:00,00:30:00,Solaceÿ,Sunday,Terrorizer tent
2016,13:35:00,14:15:00,00:40:00,Solefald,Friday,The Temple
2012,12:50:00,13:30:00,00:40:00,S¢lstafir,Friday,The Temple
2014,19:45:00,20:35:00,00:50:00,S¢lstafir,Sunday,The Temple
2008,15:00:00,15:40:00,00:40:00,Sonata Arctica,Saturday,Mainstage
2006,12:00:00,12:30:00,00:30:00,Sonny Red,Friday,Hard'n'heavy stage
2009,19:05:00,19:55:00,00:50:00,Soulfly,Saturday,Mainstage 01
2014,20:45:00,21:50:00,01:05:00,Soulfly,Saturday,Mainstage 01
2006,23:00:00,23:45:00,00:45:00,Soulfly,Friday,Mainstage
2014,20:50:00,21:55:00,01:05:00,Soundgarden,Sunday,Mainstage 01
2014,21:50:00,22:50:00,01:00:00,Spirit Caravan,Sunday,The Valley
2013,15:55:00,16:40:00,00:45:00,Spiritual Beggars,Sunday,The Valley
2009,11:35:00,12:05:00,00:30:00,Squealer,Friday,Mainstage 01
2013,11:40:00,12:10:00,00:30:00,Srutr,Saturday,The Valley
2013,11:40:00,12:10:00,00:30:00,SSSÿ,Friday,Mainstage 02
2014,18:45:00,19:40:00,00:55:00,Status Quo,Saturday,Mainstage 01
2016,11:05:00,11:35:00,00:30:00,Steak Number Eight,Saturday,Mainstage 01
2012,12:15:00,12:45:00,00:30:00,Steel Panther,Saturday,Mainstage 01
2014,15:05:00,15:55:00,00:50:00,Stick to Your Guns,Friday,The Warzone
2015,11:05:00,11:35:00,00:30:00,Sticky Boys,Friday,Mainstage 01
2013,11:40:00,12:10:00,00:30:00,Stille Volk,Friday,The Temple
2016,12:15:00,12:45:00,00:30:00,Stille Volk,Sunday,The Temple
2014,11:05:00,11:35:00,00:30:00,Stinky Bollocks,Saturday,The Warzone
2006,19:00:00,19:40:00,00:40:00,Stone Sour,Friday,Mainstage
2010,18:50:00,19:50:00,01:00:00,Stone Sour,Sunday,Mainstage 01
2013,20:45:00,22:00:00,01:15:00,Stone Sour,Sunday,Mainstage 01
2016,10:30:00,11:00:00,00:30:00,Stonebirds,Sunday,The Valley
2016,11:40:00,12:10:00,00:30:00,Stoned Jesus,Friday,The Valley
2009,18:15:00,19:00:00,00:45:00,Stratovarius,Sunday,Mainstage 02
2012,14:20:00,15:00:00,00:40:00,Street Dogs,Friday,Mainstage 02
2016,13:35:00,14:15:00,00:40:00,Strife,Saturday,The Warzone
2012,10:00:00,10:30:00,00:30:00,Strong As Ten,Friday,The Warzone
2014,14:20:00,15:05:00,00:45:00,SubRosa aka For Squirrels,Saturday,The Valley
2010,18:50:00,19:50:00,01:00:00,Suffocation,Sunday,Rock Hard tent
2012,21:20:00,22:20:00,01:00:00,Suffocation,Sunday,The Altar
2012,10:30:00,11:00:00,00:30:00,Suicidal Angels,Sunday,Mainstage 02
2009,21:55:00,22:45:00,00:50:00,Suicidal Tendencies,Sunday,Mainstage 02
2011,11:40:00,12:10:00,00:30:00,Suicide Silence,Friday,Mainstage 02
2016,23:45:00,00:45:00,01:00:00,Sunn O))),Friday,The Valley
2012,01:00:00,02:00:00,01:00:00,Sunn O))),Sunday,The Valley
2015,12:50:00,13:30:00,00:40:00,SUP,Sunday,The Altar
2015,23:45:00,00:45:00,01:00:00,Superjoint Ritual,Sunday,The Valley
2014,13:35:00,14:15:00,00:40:00,Supuration,Saturday,The Altar
2011,11:05:00,11:35:00,00:30:00,Svart Crown,Friday,Rock Hard tent
2013,11:40:00,12:10:00,00:30:00,Svart Crown,Sunday,The Temple
2010,11:40:00,12:10:00,00:30:00,Swallow the Sun,Friday,Mainstage 02
2013,23:55:00,01:55:00,02:00:00,Swans,Sunday,The Valley
2010,15:00:00,15:40:00,00:40:00,Sworn Enemy,Saturday,Terrorizer tent
2007,20:15:00,20:45:00,00:30:00,Sworn Enemy,Saturday,Discover stage
2010,19:30:00,20:15:00,00:45:00,Sybreed,Friday,Terrorizer tent
2015,12:50:00,13:30:00,00:40:00,Sylosis,Friday,Mainstage 02
2013,19:40:00,20:40:00,01:00:00,Symphony X,Sunday,Mainstage 02
2013,11:05:00,11:35:00,00:30:00,T.A.N.K.ÿ(Think of A New Kind),Saturday,The Altar
2009,13:40:00,14:20:00,00:40:00,Taake,Friday,Rock Hard tent
2012,17:30:00,18:15:00,00:45:00,Taake,Friday,The Temple
2016,18:35:00,19:25:00,00:50:00,Taake,Sunday,The Temple
2014,15:10:00,15:55:00,00:45:00,Tagada Jones,Sunday,The Warzone
2006,13:00:00,13:30:00,00:30:00,Taint,Saturday,Hard'n'heavy stage
2010,11:40:00,12:10:00,00:30:00,Tamtrum,Saturday,Mainstage 02
2010,13:00:00,13:40:00,00:40:00,Tankard,Saturday,Mainstage 02
2016,15:50:00,16:40:00,00:50:00,Tarja,Sunday,Mainstage 02
2014,11:40:00,12:10:00,00:30:00,Temple of Baal,Saturday,The Temple
2015,11:40:00,12:10:00,00:30:00,Terra Tenebrosa,Sunday,The Valley
2009,15:55:00,16:35:00,00:40:00,Terror,Saturday,Terrorizer tent
2013,18:35:00,19:35:00,01:00:00,Terror,Friday,The Warzone
2015,18:45:00,19:40:00,00:55:00,Terror,Saturday,The Warzone
2011,22:10:00,23:00:00,00:50:00,Terror,Saturday,Terrorizer tent
2016,21:20:00,22:10:00,00:50:00,Terrorizer,Saturday,The Altar
2016,23:45:00,00:45:00,01:00:00,Testament,Friday,The Altar
2013,17:40:00,18:30:00,00:50:00,Testament,Friday,Mainstage 02
2008,21:30:00,22:15:00,00:45:00,Testament,Friday,Second stage
2006,13:30:00,14:00:00,00:30:00,Textures,Friday,Mainstage
2016,15:50:00,16:40:00,00:50:00,The Amity Affliction,Saturday,Mainstage 02
2015,13:35:00,14:15:00,00:40:00,The Answer,Saturday,Mainstage 01
2011,13:45:00,14:30:00,00:45:00,The Answer,Friday,Mainstage 01
2007,14:30:00,15:00:00,00:30:00,The ARRS,Saturday,Gibson stage
2016,20:30:00,21:30:00,01:00:00,The ARRS,Friday,The Warzone
2006,17:20:00,17:50:00,00:30:00,The Black Dahlia Murder,Saturday,Hard'n'heavy stage
2014,18:45:00,19:40:00,00:55:00,The Black Dahlia Murder,Sunday,The Altar
2009,19:05:00,19:55:00,00:50:00,The Black Dahlia Murder,Sunday,Terrorizer tent
2011,20:50:00,21:40:00,00:50:00,The Black Dahlia Murder,Sunday,Terrorizer tent
2014,13:35:00,14:15:00,00:40:00,The Bones,Sunday,The Warzone
2012,15:50:00,16:30:00,00:40:00,The Bronx,Friday,Mainstage 02
2009,17:25:00,18:10:00,00:45:00,The Business,Saturday,Terrorizer tent
2013,13:35:00,14:15:00,00:40:00,The Casualties,Saturday,The Warzone
2015,15:50:00,16:30:00,00:40:00,The Crown,Sunday,The Altar
2011,17:15:00,18:05:00,00:50:00,The Cult,Friday,Mainstage 01
2011,15:50:00,16:50:00,01:00:00,The Damned Things,Friday,Terrorizer tent
2013,11:05:00,11:35:00,00:30:00,The Decline!,Sunday,The Warzone
2010,00:00:00,01:00:00,01:00:00,The Devil's Blood,Friday,Terrorizer tent
2012,01:00:00,02:00:00,01:00:00,The Devil's Blood,Saturday,The Valley
2012,17:30:00,18:15:00,00:45:00,The Devil's Blood,Friday,The Valley
2008,15:50:00,16:30:00,00:40:00,The Dillinger Escape Plan,Sunday,Second stage
2010,22:00:00,22:55:00,00:55:00,The Dillinger Escape Plan,Sunday,Terrorizer tent
2011,18:10:00,19:00:00,00:50:00,The Exploited,Friday,Mainstage 02
2015,20:30:00,21:30:00,01:00:00,The Exploited,Sunday,The Warzone
2010,10:30:00,11:00:00,00:30:00,The Faceless,Friday,Terrorizer tent
2013,11:40:00,12:10:00,00:30:00,The Ghost Inside,Sunday,Mainstage 02
2013,10:30:00,11:00:00,00:30:00,The Great Old Ones,Friday,The Temple
2015,12:15:00,12:45:00,00:30:00,The Great Old Ones,Sunday,The Temple
2015,12:50:00,13:30:00,00:40:00,The Haunted,Sunday,Mainstage 02
2006,22:20:00,23:00:00,00:40:00,The Haunted,Friday,Hard'n'heavy stage
2016,10:30:00,11:00:00,00:30:00,The Lumberjack Feedback,Saturday,The Valley
2012,22:05:00,23:05:00,01:00:00,The Obsessed,Sunday,The Valley
2011,13:30:00,14:10:00,00:40:00,The Ocean,Sunday,Terrorizer tent
2008,18:00:00,18:40:00,00:40:00,The Ocean,Sunday,Discover stage
2016,00:45:00,02:00:00,01:15:00,The Offspring,Friday,Mainstage 02
2008,12:00:00,12:30:00,00:30:00,The Old Dead Tree,Saturday,Mainstage
2013,15:15:00,16:05:00,00:50:00,The Old Dead Tree,Saturday,The Altar
2006,11:00:00,11:30:00,00:30:00,The Outburst,Friday,Hard'n'heavy stage
2015,13:35:00,14:15:00,00:40:00,The Quireboys,Friday,Mainstage 01
2012,10:00:00,10:30:00,00:30:00,The Rodeo Idiot Engine,Saturday,The Warzone
2014,11:40:00,12:10:00,00:30:00,The Ruins of Beverast,Friday,The Temple
2013,11:40:00,12:10:00,00:30:00,the Secret,Saturday,The Temple
2007,16:30:00,17:00:00,00:30:00,The Set-Up,Friday,Discover stage
2016,10:30:00,11:00:00,00:30:00,The Shrine,Friday,Mainstage 02
2016,14:20:00,15:00:00,00:40:00,The Skull,Sunday,The Altar
2012,18:35:00,19:35:00,01:00:00,The Spudmonsters,Sunday,The Warzone
2013,17:40:00,18:30:00,00:50:00,The Sword,Sunday,The Valley
2016,18:35:00,19:25:00,00:50:00,The Toy Dolls,Saturday,The Warzone
2013,20:40:00,21:40:00,01:00:00,The Toy Dolls,Sunday,The Warzone
2016,15:05:00,15:45:00,00:40:00,The Vision Bleak,Sunday,The Temple
2015,14:20:00,15:00:00,00:40:00,The Wounded Kings,Saturday,The Valley
2011,19:35:00,20:20:00,00:45:00,The Young Gods,Friday,Terrorizer tent
2010,20:45:00,21:30:00,00:45:00,The Young Gods,Friday,Terrorizer tent
2014,16:55:00,17:45:00,00:50:00,Therapy?,Friday,Mainstage 01
2007,00:00:00,01:00:00,01:00:00,Therion,Saturday,Gibson stage
2011,22:30:00,23:20:00,00:50:00,Therion,Sunday,Mainstage 02
2011,17:05:00,17:55:00,00:50:00,Thin Lizzy,Saturday,Mainstage 01
2012,14:20:00,15:00:00,00:40:00,Thou,Friday,The Valley
2008,00:00:00,00:40:00,00:40:00,Throwdown,Friday,Discover stage
2016,10:30:00,11:00:00,00:30:00,Thy Art Is Murder,Saturday,Mainstage 02
2011,19:35:00,20:20:00,00:45:00,Times of Grace,Saturday,Terrorizer tent
2008,17:00:00,17:40:00,00:40:00,Today is a Day,Saturday,Discover stage
2016,15:50:00,16:40:00,00:50:00,Torche,Saturday,The Valley
2009,17:25:00,18:10:00,00:45:00,Torche,Friday,Terrorizer tent
2011,11:10:00,11:40:00,00:30:00,Total Fucking Destruction,Saturday,Rock Hard tent
2014,14:20:00,15:05:00,00:45:00,Toxic Holocaust,Friday,Mainstage 02
2012,23:10:00,00:40:00,01:30:00,Tragedy,Friday,The Warzone
2015,18:35:00,19:25:00,00:50:00,Trap Them,Friday,The Warzone
2016,01:00:00,02:00:00,01:00:00,Tremonti,Friday,The Valley
2006,12:30:00,13:00:00,00:30:00,Trepalium,Friday,Mainstage
2013,12:15:00,12:45:00,00:30:00,Treponem Pal,Sunday,The Warzone
2008,19:00:00,19:40:00,00:40:00,Treponem Pal,Saturday,Discover stage
2015,11:40:00,12:10:00,00:30:00,Tribulation,Sunday,The Altar
2015,23:35:00,01:00:00,01:25:00,Triggerfinger,Saturday,The Valley
2011,01:00:00,02:00:00,01:00:00,Triptykon,Saturday,Rock Hard tent
2015,22:40:00,23:40:00,01:00:00,Triptykon,Sunday,The Temple
2014,01:05:00,02:15:00,01:10:00,Trivium,Friday,Mainstage 02
2006,16:40:00,17:20:00,00:40:00,Trivium,Saturday,Mainstage
2012,19:40:00,20:40:00,01:00:00,Trivium,Sunday,Mainstage 02
2014,14:20:00,15:05:00,00:45:00,Trollfest,Saturday,The Temple
2007,14:15:00,14:45:00,00:30:00,Tromatized Youth,Saturday,Discover stage
2013,11:40:00,12:10:00,00:30:00,Truckfighters,Sunday,The Valley
2015,14:20:00,15:00:00,00:40:00,Truckfighters,Friday,The Valley
2011,15:15:00,16:05:00,00:50:00,Tsjuder,Sunday,Rock Hard tent
2014,19:45:00,20:40:00,00:55:00,Tsjuder,Saturday,The Temple
2014,01:05:00,02:05:00,01:00:00,Turbonegro,Sunday,The Warzone
2016,17:40:00,18:30:00,00:50:00,Turbonegro,Friday,Mainstage 02
2012,19:25:00,20:25:00,01:00:00,Turbonegro,Friday,Mainstage 02
2011,11:30:00,12:00:00,00:30:00,Turisas,Sunday,Mainstage 02
2014,19:45:00,20:40:00,00:55:00,Turisas,Friday,The Temple
2016,15:05:00,15:45:00,00:40:00,Turnstile,Sunday,The Warzone
2016,23:00:00,00:15:00,01:15:00,Twisted Sister,Saturday,Mainstage 01
2013,18:35:00,19:35:00,01:00:00,Twisted Sister,Friday,Mainstage 01
2010,20:50:00,22:00:00,01:10:00,Twisted Sister,Saturday,Mainstage 01
2015,13:35:00,14:15:00,00:40:00,Twitching Tongues,Friday,The Warzone
2007,01:00:00,???,check,Type O Negative,Saturday,Mainstage
2013,14:20:00,15:00:00,00:40:00,Tìr,Friday,The Temple
2010,15:15:00,16:00:00,00:45:00,U.D.O.,Sunday,Mainstage 01
2011,17:05:00,17:50:00,00:45:00,U.S. Bombs,Saturday,Terrorizer tent
2011,15:25:00,16:10:00,00:45:00,UFO,Saturday,Mainstage 01
2012,14:20:00,15:10:00,00:50:00,Ufomammut,Saturday,The Valley
2009,15:55:00,16:35:00,00:40:00,Ufomammut,Sunday,Terrorizer tent
2007,18:45:00,19:15:00,00:30:00,Ufych Sormeer,Friday,Discover stage
2016,16:45:00,17:35:00,00:50:00,UK Subs,Saturday,The Warzone
2014,13:35:00,14:15:00,00:40:00,Ulcerate,Sunday,The Altar
2008,12:00:00,12:30:00,00:30:00,Ultra Vomit,Friday,Mainstage
2010,23:00:00,00:00:00,01:00:00,Ulver,Friday,Rock Hard tent
2013,14:20:00,15:10:00,00:50:00,Uncle Acid & the Deadbeats,Saturday,The Valley
2016,10:30:00,11:00:00,00:30:00,Undead Prophecies,Saturday,The Altar
2007,17:50:00,18:30:00,00:40:00,Unearth,Friday,Gibson stage
2010,18:30:00,19:10:00,00:40:00,Unearth,Saturday,Terrorizer tent
2012,18:50:00,19:40:00,00:50:00,Unearth,Saturday,The Warzone
2013,18:55:00,19:45:00,00:50:00,Unearth,Saturday,The Warzone
2012,14:20:00,15:00:00,00:40:00,Unexpect,Friday,The Altar
2014,00:00:00,01:00:00,01:00:00,Unida,Sunday,The Valley
2012,16:35:00,17:25:00,00:50:00,Unisonic,Friday,Mainstage 01
2014,16:55:00,17:45:00,00:50:00,Unleashed,Sunday,The Altar
2016,15:50:00,16:40:00,00:50:00,Unsane,Sunday,The Valley
2012,17:55:00,18:45:00,00:50:00,Unsane,Saturday,The Valley
2014,16:00:00,16:50:00,00:50:00,Urfaust,Sunday,The Temple
2010,12:15:00,12:45:00,00:30:00,Urgehal,Friday,Rock Hard tent
2012,17:00:00,17:50:00,00:50:00,Uriah Heep,Saturday,Mainstage 01
2009,13:40:00,14:20:00,00:40:00,Vader,Saturday,Rock Hard tent
2007,15:00:00,15:30:00,00:30:00,Vader,Saturday,Mainstage
2016,17:40:00,18:30:00,00:50:00,Vader,Friday,The Altar
2011,19:15:00,20:05:00,00:50:00,Vader,Friday,Rock Hard tent
2011,11:05:00,11:35:00,00:30:00,Valient Thorr,Friday,Mainstage 01
2015,15:50:00,16:30:00,00:40:00,Vallenfyre,Friday,The Altar
2012,11:05:00,11:35:00,00:30:00,Vanderbuyst,Sunday,Mainstage 01
2013,12:50:00,13:30:00,00:40:00,Vektor,Friday,Mainstage 02
2015,00:40:00,01:40:00,01:00:00,Venom,Saturday,The Temple
2008,01:00:00,02:00:00,01:00:00,Venom,Friday,Mainstage
2013,11:05:00,11:35:00,00:30:00,Vera Cruz,Friday,The Warzone
2016,15:05:00,15:45:00,00:40:00,Victims,Friday,The Warzone
2012,13:35:00,14:15:00,00:40:00,Victimsÿ,Friday,The Warzone
2016,13:35:00,14:15:00,00:40:00,Vintage Trouble,Sunday,Mainstage 01
2016,16:35:00,17:25:00,00:50:00,Vision of Disorder,Friday,The Warzone
2009,22:50:00,23:50:00,01:00:00,Vision of Disorder,Saturday,Terrorizer tent
2012,12:15:00,12:45:00,00:30:00,Vitamin X,Friday,The Warzone
2015,13:35:00,14:15:00,00:40:00,Vitamin X,Saturday,The Warzone
2013,17:40:00,18:30:00,00:50:00,Voivod,Sunday,Mainstage 02
2009,18:15:00,19:00:00,00:45:00,Voivod,Friday,Mainstage 02
2013,23:10:00,00:40:00,01:30:00,Volbeat,Sunday,Mainstage 01
2009,13:40:00,14:20:00,00:40:00,Volbeat,Sunday,Mainstage 02
2016,20:45:00,22:00:00,01:15:00,Volbeat,Friday,Mainstage 01
2012,17:55:00,18:45:00,00:50:00,Vomitory,Saturday,The Altar
2015,11:05:00,11:35:00,00:30:00,Vorkreist,Friday,The Temple
2014,21:40:00,22:50:00,01:10:00,Vreid Sognametal,Sunday,The Temple
2010,11:05:00,11:35:00,00:30:00,Vulcain,Sunday,Mainstage 01
2015,12:15:00,12:45:00,00:30:00,Vulcain,Friday,Mainstage 01
2012,17:40:00,18:30:00,00:50:00,Vulture Industries,Sunday,The Temple
2009,20:00:00,20:45:00,00:45:00,W.A.S.P.,Friday,Mainstage 02
2014,15:10:00,15:55:00,00:45:00,Walking Papers,Saturday,Mainstage 01
2010,15:55:00,16:40:00,00:45:00,Walls of Jericho,Friday,Mainstage 02
2012,15:55:00,16:40:00,00:45:00,Walls of Jericho,Sunday,Mainstage 02
2007,17:50:00,18:30:00,00:40:00,Walls of Jericho,Saturday,Gibson stage
2016,20:30:00,21:25:00,00:55:00,Walls of Jericho,Sunday,The Warzone
2014,22:55:00,23:55:00,01:00:00,Walls of Jericho,Friday,The Warzone
2013,11:05:00,11:35:00,00:30:00,Waltari,Sunday,Mainstage 01
2015,18:15:00,19:25:00,01:10:00,Wampas,Sunday,The Warzone
2010,21:00:00,22:00:00,01:00:00,Watain,Friday,Rock Hard tent
2008,22:00:00,22:40:00,00:40:00,Watain,Saturday,Discover stage
2014,21:50:00,22:50:00,01:00:00,Watain,Friday,The Temple
2014,10:30:00,11:00:00,00:30:00,Watertank,Sunday,The Valley
2015,14:20:00,15:00:00,00:40:00,We Are Harlot,Friday,Mainstage 02
2014,16:00:00,16:50:00,00:50:00,We Came as Romans,Saturday,Mainstage 02
2015,15:50:00,16:30:00,00:40:00,Weedeater,Sunday,The Valley
2010,14:50:00,15:30:00,00:40:00,Weedeaterÿ,Sunday,Terrorizer tent
2014,11:05:00,11:35:00,00:30:00,Weekend Nachos,Friday,The Altar
2011,11:45:00,12:15:00,00:30:00,Whiplash,Saturday,Mainstage 02
2013,20:45:00,22:00:00,01:15:00,Whitesnake,Friday,Mainstage 01
2012,11:40:00,12:10:00,00:30:00,Winterfyllethÿ,Sunday,The Temple
2013,18:35:00,19:30:00,00:55:00,Wintersun,Sunday,The Altar
2010,14:00:00,14:40:00,00:40:00,Wisdom in Chainsÿ,Saturday,Terrorizer tent
2014,16:10:00,16:50:00,00:40:00,Witch Mountain,Saturday,The Valley
2013,16:10:00,17:00:00,00:50:00,Witchcraft,Saturday,The Valley
2016,10:30:00,11:00:00,00:30:00,Witches,Friday,The Altar
2015,10:30:00,11:00:00,00:30:00,Witchthroat Serpent,Sunday,The Valley
2006,17:20:00,17:50:00,00:30:00,With Honor,Friday,Hard'n'heavy stage
2016,17:40:00,18:30:00,00:50:00,With the Dead,Saturday,The Valley
2007,19:40:00,20:50:00,01:10:00,Within Temptation,Sunday,Mainstage
2016,20:35:00,21:40:00,01:05:00,Within Temptation,Saturday,Mainstage 01
2012,22:50:00,22:05:00,check,Within Temptation,Saturday,Mainstage 01
2016,12:50:00,13:30:00,00:40:00,Wo Fat,Friday,The Valley
2015,16:35:00,17:25:00,00:50:00,Wolfbrigade,Friday,The Warzone
2009,14:25:00,15:05:00,00:40:00,Wolves in the Throne Room,Sunday,Terrorizer tent
2015,23:45:00,00:45:00,01:00:00,Wovenhand,Friday,The Valley
2010,13:45:00,14:25:00,00:40:00,Y&T,Saturday,Mainstage 01
2010,17:10:00,17:50:00,00:40:00,Yawning Man,Sunday,Terrorizer tent
2012,11:40:00,12:10:00,00:30:00,Year Of No Light,Sunday,The Valley
2008,14:00:00,14:40:00,00:40:00,Year Of No Light,Sunday,Discover stage
2014,10:30:00,11:00:00,00:30:00,Year of the Goat,Sunday,Mainstage 02
2012,19:45:00,20:45:00,01:00:00,Yobÿ,Saturday,The Valley
2011,12:30:00,13:00:00,00:30:00,Your Demiseÿ,Saturday,Terrorizer tent
2008,13:20:00,13:50:00,00:30:00,Your Demiseÿ,Sunday,Discover stage
2007,15:45:00,16:15:00,00:30:00,Zero Mentality,Friday,Discover stage
2014,12:50:00,13:30:00,00:40:00,Zodiac,Sunday,The Valley
2007,13:30:00,14:00:00,00:30:00,Zubrowska,Saturday,Discover stage
2015,10:30:00,11:00:00,00:30:00,Zuul FX,Saturday,Mainstage 02
2011,10:55:00,11:25:00,00:30:00,Zuul FX,Sunday,Mainstage 01
2006,22:20:00,23:00:00,00:40:00,Zyklon,Saturday,Hard'n'heavy stage
2015,20:40:00,21:40:00,01:00:00,ZZ Top,Saturday,Mainstage 01
2013,20:55:00,22:00:00,01:05:00,ZZ Top,Saturday,Mainstage 01
